firstName,lastName,userPassword,emailAddress,addressLine1,addressLine2,country,postCode
Diana,Rait,vR9!*O*Om*nT#j,drait0@irs.gov,10 Oneill Junction,Suite 45,PL,32-125
Baxter,Truluck,"zK6,}X4BP",btruluck1@stumbleupon.com,41861 Loomis Street,,JO,
Dorelia,Fairest,uV0.8jbPV/,dfairest2@yolasite.com,3991 Schiller Point,PO Box 66183,LY,
Sharona,Levane,"sE5,dtll.WY/sz",slevane3@guardian.co.uk,1811 Corry Pass,,FR,57076 CEDEX 03
Rod,Fayre,fC6$51Y=X9,rfayre4@omniture.com,3069 Mayfield Hill,,CN,
Eb,Berney,cF9.OWUebWg,eberney5@yahoo.co.jp,5755 Basil Plaza,,IR,
Bartlett,McGenis,aB1(KbwmKsn@f,bmcgenis6@google.com.au,259 Riverside Lane,Suite 36,CO,150867
Shirlene,Underhill,gB3&/Yb5,sunderhill7@mozilla.com,1723 Debra Parkway,,RU,171067
Garwin,Golling,tX0_D1&2Q,ggolling8@earthlink.net,142 Eagan Lane,Suite 69,FR,73209 CEDEX
Hillary,Sissens,cM2#_ZMi4u>@\,hsissens9@netvibes.com,1 Hoffman Point,,RU,672530
Ali,Jerok,"vO1'R@k*W.I""EeT",ajeroka@blogs.com,203 Bowman Court,Apt 669,JO,
Wilek,Cardiff,bO7.ZI9?0s>,wcardiffb@ucsd.edu,56 Clove Point,Apt 1528,PT,3800-685
Bink,Fantini,vE3/7(aV.{nC<$,bfantinic@csmonitor.com,6261 Mcbride Lane,6th Floor,ZM,
Wylie,Gregs,"uR1\`qMq""$C+",wgregsd@altervista.org,62742 Spohn Way,2nd Floor,CN,
Norma,Kinsella,eM9>nHJ0*,nkinsellae@census.gov,87 Westridge Street,Apt 373,BR,63540-000
Cybil,Ilymanov,dQ8{RYu55,cilymanovf@fda.gov,1 Merry Avenue,Apt 1539,ID,
Marlene,Jackson,"sE9,5\Yj#!u?4aM",mjacksong@washingtonpost.com,9145 Bay Court,Room 837,RU,622970
Kory,Retallack,"hL9,B8D?",kretallackh@blinklist.com,4 Mesta Circle,Room 1118,RU,242030
Nikki,Bootton,mF6@a!YGohjc?TL,nboottoni@sun.com,11820 Grim Place,Room 1403,CM,
Cyril,Bartke,gW2>(%6K$N`mX@,cbartkej@slashdot.org,45072 Helena Junction,PO Box 52983,CN,
Roxy,Wimmers,jP6)Qwe?,rwimmersk@miibeian.gov.cn,38077 Fremont Junction,,MM,
Riobard,Edgcumbe,oI6#wOb/,redgcumbel@army.mil,5 Mccormick Drive,,LI,9488
Katleen,Steel,cP4/$TPv,ksteelm@is.gd,4 Lukken Court,,CN,
Lynnea,Apthorpe,zQ5\uEbi$n5|8q,lapthorpen@soup.io,70 Luster Terrace,Apt 852,US,30045
Basilius,Beany,vK9?&U#_+)`q,bbeanyo@free.fr,6 Blaine Crossing,,CN,
Roma,Magnus,uL9}ufMtK4H30|#,rmagnusp@macromedia.com,52 Hayes Court,,BR,14815-000
Sammy,Sharvill,"cN8~"">~FtSXxXR$b",ssharvillq@tripod.com,45876 Mayfield Parkway,Apt 1367,ID,
Reidar,Loble,pY1/WP&X=,rlobler@sitemeter.com,49 Stephen Lane,PO Box 85328,TN,
Ezmeralda,Peckett,oK5$3xVXqJbl<Y,epecketts@chron.com,2931 Debs Park,6th Floor,ID,
Gustie,Brasier,"lU1""m3#`m.~Q2C",gbrasiert@china.com.cn,59 Farwell Hill,Room 1966,BR,14500-000
Gavrielle,Melonby,yW4/QM#1,gmelonbyu@ft.com,27628 Superior Parkway,20th Floor,PT,3600-587
Adel,Vinas,dX3\ApMia,avinasv@list-manage.com,4183 Sheridan Point,,ID,
Ardine,Colvin,zK9&qLhV+n<qHH,acolvinw@bing.com,756 Westridge Way,PO Box 20103,AR,6326
Leoline,Dast,zB3*H}dx~\}/#,ldastx@nifty.com,078 Carpenter Pass,Apt 1925,CZ,747 14
Mehetabel,Currer,hS4|BBo#3NrE,mcurrery@elpais.com,74 Hansons Place,,CN,
Aldis,Birdseye,eK6{U<+H%k?awf,abirdseyez@yellowpages.com,480 Tomscot Point,,SE,405 33
June,Abbett,"hV5)&UaNn""Dk`v",jabbett10@bing.com,84 Kenwood Parkway,Apt 410,PH,1105
Josephine,Brunnstein,vO7@?O3h0X{#,jbrunnstein11@gov.uk,4207 Marquette Terrace,Apt 11,UA,
Malachi,Everingham,tM2~B&q98'El,meveringham12@tinypic.com,4429 Manley Junction,,BR,13710-000
Bartholemy,Fishenden,fQ2|OTUBg(46lJ,bfishenden13@utexas.edu,7561 Acker Parkway,Suite 28,US,32123
Humfrey,Mackelworth,nV5{cnrUSJ>7X9,hmackelworth14@printfriendly.com,8268 Pawling Place,,RU,662514
Jose,Verbrugge,aA6=>II<S,jverbrugge15@columbia.edu,9317 Bowman Parkway,17th Floor,AR,4162
Clarance,Thames,"cW2>~P'G=""",cthames16@w3.org,66493 Farragut Junction,,CN,
Malchy,Skill,lH1)%{Xy,mskill17@shop-pro.jp,19431 Florence Terrace,Apt 1484,GR,
Darelle,Massingberd,mX3\=bT>h\*tX,dmassingberd18@google.pl,55 5th Circle,,HN,
Huberto,Spafford,uK1&%Di+'*D9,hspafford19@spiegel.de,70664 Esch Court,PO Box 74667,NE,
Micky,Bloxsum,mV5.vIaK%,mbloxsum1a@cnbc.com,4038 Luster Drive,,PH,0950
Nathalia,Sinncock,hG3}Re$Kk9W0c,nsinncock1b@webmd.com,127 Canary Circle,,FR,
Katuscha,Heckle,hC4*7q/<7rJwSK,kheckle1c@uol.com.br,6 Amoth Circle,Suite 23,CN,
Osborn,Maryott,iD8\n||~.&lynl,omaryott1d@constantcontact.com,10 Ridgeview Center,PO Box 22155,ID,
Janina,de Merida,tI4!2gMn`6,jdemerida1e@nasa.gov,605 Anniversary Junction,,RU,396350
Cathi,Threader,tP2~sidycd%&Zbg,cthreader1f@bigcartel.com,7490 Cherokee Plaza,Suite 26,VN,
Gratia,Spalton,"uT4'0buY""!7",gspalton1g@hatena.ne.jp,74 Mccormick Trail,,TZ,
Wilbur,Lippiatt,cF3?3_kn?.A9D,wlippiatt1h@csmonitor.com,065 Farragut Pass,Room 1769,CN,
Dido,Hartopp,jH1'5L@<v$i@n%M,dhartopp1i@quantcast.com,43 Esch Alley,PO Box 30327,ID,
Craig,Buckwell,uY7=YE2*AViF4V,cbuckwell1j@accuweather.com,31 Kipling Crossing,19th Floor,PK,88200
Donall,Inchcomb,wD6|1t6usd*ub,dinchcomb1k@facebook.com,6 Hintze Terrace,PO Box 99090,ID,
Kata,Goulder,jG9#L3c\%,kgoulder1l@sun.com,796 Mallard Road,Room 1879,US,10464
Jarrid,Mehaffey,qV4?#5Xl&YIrz,jmehaffey1m@instagram.com,53489 Division Point,Suite 89,CN,
Grant,Kinglake,iK7`#bw~TNpLapD,gkinglake1n@wikia.com,99655 Elgar Court,Room 3,FR,62004 CEDEX
Lori,Nockells,zY1<+4C@!,lnockells1o@xing.com,7 Steensland Trail,Apt 526,PK,72121
Perry,Reggiani,"rX4%eZDT""W{w1T",preggiani1p@ebay.co.uk,80843 Carpenter Park,Apt 953,GE,
Ricard,Algar,oG8@ZD47+!5,ralgar1q@amazon.co.uk,77 Lindbergh Park,Room 1415,CO,682539
Dalenna,Blewis,zG1.@znih4I*7e4,dblewis1r@bloglovin.com,42 Dottie Trail,Room 312,GE,
Davie,Coat,"jO3""S?DmdnTi",dcoat1s@alibaba.com,05041 Cherokee Street,Suite 57,ID,
Neilla,Pancoust,hH4#PAXuKP3|Tg$,npancoust1t@livejournal.com,57399 Manley Circle,13th Floor,PL,87-721
Vassili,Borles,rG3$`AUriGXl,vborles1u@goo.gl,49 Killdeer Trail,Room 287,CN,
Kenna,Gayden,uB5?.AM4nr1m5>e,kgayden1v@miitbeian.gov.cn,29 Vermont Trail,Room 1536,PL,42-253
Bartolomeo,Srawley,sY4!X@@|ZSs,bsrawley1w@taobao.com,86 Killdeer Park,Apt 1697,CN,
Celie,Brislane,eV4`(cpM)_/)z>},cbrislane1x@lulu.com,1141 Karstens Parkway,PO Box 84559,CZ,594 53
Adriaens,Brobyn,wQ0!\z37,abrobyn1y@java.com,33101 Lakewood Gardens Terrace,Room 1391,JP,419-0125
Darwin,Middleditch,rF0*9~@.,dmiddleditch1z@purevolume.com,0 Rowland Park,,RU,618630
Kiri,Olufsen,kK5{FWZY~V?8k4K,kolufsen20@prlog.org,471 Nova Road,Room 802,RU,
Broddie,MacFadzean,mG2@5mnct(7LX,bmacfadzean21@tmall.com,1 Cascade Terrace,Apt 1092,NG,
Leola,Swateridge,uT0>Eiw>IFnwR\h<,lswateridge22@i2i.jp,8792 Westport Place,PO Box 74803,ID,
Dael,Pynner,"pJ0""*|ya?}%g",dpynner23@gov.uk,80061 Mitchell Road,Suite 27,NG,
Ethelyn,Aymes,rN1\wFg6k_$o,eaymes24@howstuffworks.com,45025 Namekagon Way,PO Box 83612,US,01129
Kacey,Lumbers,hQ7?Xx+8+~,klumbers25@senate.gov,8 Anhalt Parkway,Suite 59,SY,
Ferdinanda,Hertwell,bM7<)'}>{J{Z,fhertwell26@salon.com,15 Annamark Park,16th Floor,SE,796 25
Harri,Boldison,"zK8>zYz{qqLRS""{f",hboldison27@deliciousdays.com,7 Utah Avenue,,ID,
Tommy,Wyman,"eM9'w(""K8Xu",twyman28@nydailynews.com,8 Leroy Trail,8th Floor,FR,26907 CEDEX 9
Cathlene,Cross,bL4!dNS.,ccross29@dot.gov,0003 Browning Drive,13th Floor,CN,
Alidia,Rodda,kY9*c`9vvH0,arodda2a@newyorker.com,82401 West Drive,,RU,
Iver,Sparshott,xZ1)YJr_,isparshott2b@devhub.com,487 Green Ridge Crossing,,KZ,
Pip,Mealand,"eR5+OnuS3"",h",pmealand2c@ebay.co.uk,28 Forest Dale Terrace,Apt 843,CN,
Heidi,Eliasen,aN3<XaCCH6$/UU2,heliasen2d@hubpages.com,6209 Talisman Crossing,,RU,356537
Marni,Guerrieri,gS3$q?M7p,mguerrieri2e@wunderground.com,73 Annamark Circle,Suite 35,MY,88906
Sherman,Coule,bW2(V7ikQ`ub,scoule2f@merriam-webster.com,32 Annamark Drive,,SE,171 14
Carmencita,Carlett,"uZ3""e\9z",ccarlett2g@miibeian.gov.cn,484 Village Green Place,Apt 817,CN,
Pembroke,Guilliatt,"jO7""7rzA",pguilliatt2h@vinaora.com,04851 Armistice Way,,CU,
Kendall,Laddle,vV9=i=VRc,kladdle2i@economist.com,8990 Sutteridge Place,,CN,
Vera,Dine-Hart,nB1|5xR7Yv,vdinehart2j@wikimedia.org,4 Anzinger Avenue,Room 1135,UA,
Gerhard,Rubberts,uC1&vr990tK,grubberts2k@csmonitor.com,13760 Alpine Junction,,PK,48761
Saraann,Gledhall,zM7}kT{b3,sgledhall2l@chronoengine.com,68270 Cambridge Center,Apt 1911,ID,
Maynord,Aris,oS3?mytmFi,maris2m@chicagotribune.com,4017 Johnson Street,,BY,
Spike,Mindenhall,zF2`N9JX,smindenhall2n@unc.edu,6 Bonner Point,PO Box 67396,ID,
Dulcinea,Hymers,zI0&NlcC',dhymers2o@ezinearticles.com,45524 Nevada Place,Suite 26,CN,
Gamaliel,Skunes,rM5_8C*QCF,gskunes2p@cam.ac.uk,60647 Jenifer Circle,Suite 69,RU,301767
Amy,Dawbery,vR9{MMkKy2Dd0|,adawbery2q@miitbeian.gov.cn,15 Manufacturers Street,Apt 1053,RU,457229
Glenna,Glassard,jX4|>sp?5C481k$F,gglassard2r@wunderground.com,3593 Southridge Plaza,16th Floor,CN,
Anissa,Bramall,rF3\VmQzY@+z|hQx,abramall2s@cafepress.com,325 Sachtjen Drive,,GR,
Arch,Follows,fW1#M~LW{Gh6,afollows2t@blogs.com,8 Troy Center,Apt 1734,CA,V6N
Leann,Arnao,nI5_WeD%(WK}|fKL,larnao2u@boston.com,683 Colorado Alley,11th Floor,PH,6310
Donni,Camosso,vF6@iEEA>,dcamosso2v@networkadvertising.org,66 Emmet Point,Room 193,CN,
Rock,Ibert,rN3!29(qZJ,ribert2w@cocolog-nifty.com,76148 New Castle Road,9th Floor,QA,
Christy,Mattosoff,bV9*x/`9RH?+j_3A,cmattosoff2x@free.fr,0 Trailsway Hill,PO Box 32820,MA,
Kennie,Dunkerton,eO3(\Jm+Q,kdunkerton2y@statcounter.com,46 Anhalt Street,Room 1804,CN,
Karna,Epgrave,"fP0!8+'8+\3'""n",kepgrave2z@newyorker.com,7 Northwestern Circle,18th Floor,PL,32-067
Jemimah,Hold,nX3#dLA7#qIDRu3,jhold30@unblog.fr,7 American Ash Avenue,,PL,83-304
Novelia,Coslitt,cZ8/pBA$E,ncoslitt31@weibo.com,52704 Bobwhite Way,,KZ,
Isabella,Clemetts,qE5#cIF@,iclemetts32@devhub.com,3 Swallow Terrace,PO Box 18789,PH,1774
Cazzie,Blakemore,lO3()m|}%C&\dg,cblakemore33@cornell.edu,21 Commercial Trail,Apt 387,TJ,
Wolf,Fromont,iK0#(sZvS4b#Zi8Z,wfromont34@google.com.br,740 Brown Avenue,,FR,30935 CEDEX 9
Lemmie,Robillard,"rI8""a0=p+l#EJd)b",lrobillard35@e-recht24.de,3540 Sutteridge Avenue,,ID,
Maximilianus,Lehrian,fJ0>\.=m,mlehrian36@mit.edu,0 Sherman Circle,,CO,472028
Brantley,Gipp,wN7&/gF%'78c<L(,bgipp37@biglobe.ne.jp,13 Anderson Park,18th Floor,GE,
Mil,Onyon,"zQ7?=(yQ,K=9A",monyon38@uiuc.edu,100 Comanche Street,Suite 8,FR,38219 CEDEX
Gretchen,Van Daalen,sC8)u\~$Zbn.0,gvandaalen39@marketwatch.com,0 Linden Circle,PO Box 81435,PT,2445-764
Wallace,Groundwator,"xO5<{""(7GxM{L",wgroundwator3a@so-net.ne.jp,07 Onsgard Avenue,Room 1146,BD,6431
Diannne,Heavy,eZ9<B1J`ySP.,dheavy3b@tinyurl.com,6706 Burrows Crossing,,MX,88759
Camila,Texton,oH1_9QAoll,ctexton3c@bigcartel.com,52278 Forest Run Trail,,RU,197758
George,Kun,sQ7$_lPh,gkun3d@msu.edu,8 Pankratz Street,PO Box 16014,PL,05-280
Livvie,O'Lenane,"tP9,mLSZHLW7",lolenane3e@trellian.com,17908 Havey Drive,Room 1152,IE,D17
Kim,Bellerby,oM8~Xq}|Rz\k1Mr,kbellerby3f@omniture.com,63420 Armistice Circle,,ES,
Saleem,Dudin,mE2.I=6(,sdudin3g@apache.org,88 Anderson Circle,Room 148,PT,2540-170
Claudianus,McGiffie,qW3=zgM5O+S2\UCJ,cmcgiffie3h@virginia.edu,88 Ryan Alley,8th Floor,SE,747 43
Antonino,Watmore,"yD6,{Dn7/b|zw3I",awatmore3i@skyrock.com,405 North Drive,PO Box 44419,ID,
Lorene,Gurge,kB4$kZ\m>\'|c'w,lgurge3j@geocities.jp,58 Fremont Terrace,Apt 1825,JP,985-0862
Cindie,Sevier,lN1_z\in|H$Vg,csevier3k@msn.com,2 Gateway Plaza,Apt 1878,RU,174350
Dolley,Chesshire,"bM3"">o|s392}B6",dchesshire3l@goo.ne.jp,3 Carioca Lane,,TN,
Laurella,Semiraz,qB6\$gG{,lsemiraz3m@bloglines.com,43 Esch Avenue,,CN,
Denni,Baudry,"eO3}AUy},XiGC|",dbaudry3n@cbslocal.com,558 Shopko Terrace,,PL,42-674
Donnell,Benduhn,kL8#$a*U_`w~4l,dbenduhn3o@deviantart.com,5 Little Fleur Court,Suite 70,PT,3720-546
Payton,Webley,yW8>b>J!7aW,pwebley3p@creativecommons.org,457 Schurz Point,Room 1206,MN,
Maible,McQuaker,yU1$T@p'|@iW=p&P,mmcquaker3q@marriott.com,3135 Mandrake Street,Room 442,BR,78820-000
Oona,Bossom,cU2@)5e&Q,obossom3r@jiathis.com,4392 Mallory Circle,Room 1254,PA,
Blanch,Cowton,aK4}SyKX@,bcowton3s@istockphoto.com,8 Delladonna Hill,Apt 750,ID,
Renaud,Nurcombe,lG2>!chU,rnurcombe3t@oaic.gov.au,36 Schiller Crossing,Suite 26,CZ,349 01
Susana,Lomas,"qX3,=@XqQh6",slomas3u@gnu.org,0942 Moose Way,,CN,
Keith,Liddel,kW9<{zb4Aa/Js,kliddel3v@adobe.com,4 Commercial Junction,PO Box 863,IR,
Bobine,Mounce,qQ9~L!Lyc)E!,bmounce3w@google.fr,39445 Spaight Road,Room 427,US,
Thorpe,Farrier,eN6\NZkdWCj,tfarrier3x@naver.com,96 Bluejay Parkway,,RU,352159
Dynah,Clarabut,zA0`oh)FSNYE,dclarabut3y@feedburner.com,7 Del Mar Crossing,,BD,3863
Temp,Polycote,nD4#Vw\t/|8vL#9/,tpolycote3z@opensource.org,9 Drewry Lane,Room 372,TH,45000
Randene,Woollons,uO6}dDv05bSW!xA,rwoollons40@mashable.com,46 Spenser Terrace,Suite 65,CM,
Sandi,Havard,hV6{=}i4\~),shavard41@wikia.com,702 Beilfuss Junction,PO Box 1718,CM,
Christy,de Quesne,sK6/2HUb=DDh1,cdequesne42@mtv.com,13640 Clarendon Plaza,7th Floor,JP,798-1354
Ives,Hallgate,jW4.8NWBwDTcq|,ihallgate43@cocolog-nifty.com,5062 Macpherson Court,,CN,
Godart,Lockyear,uE9}l1!_u`,glockyear44@pbs.org,13675 Kingsford Circle,6th Floor,CN,
Darb,Kent,fN2|1&3uv6,dkent45@ucoz.com,85 Manitowish Hill,PO Box 25428,PH,7005
Northrop,Lace,"nJ2%dvv=_?X+Pb,",nlace46@freewebs.com,06163 Meadow Ridge Parkway,PO Box 40748,CN,
Leicester,Fenna,"aU5{X,2W",lfenna47@google.com.hk,6926 Chinook Drive,Apt 1159,AZ,
Tedda,Lemmertz,"aU9,+Y&X5`s",tlemmertz48@va.gov,162 Ridgeview Alley,Apt 1583,SE,957 32
Hali,Prise,nP9!KGkg,hprise49@oaic.gov.au,4679 Hoffman Lane,,ID,
Marmaduke,Bedinham,"nF6?I""5{iLY*5SgB",mbedinham4a@newsvine.com,32487 7th Crossing,PO Box 1862,ID,
Edy,Gerrey,bW2~nu3SZ,egerrey4b@nps.gov,2184 Express Alley,,VN,
Guy,Coverley,"zI8/7,uE\w1M}1A",gcoverley4c@ameblo.jp,23 Manufacturers Avenue,Room 782,PH,8609
Darwin,Debow,"oL3$Qt.A"",vwI",ddebow4d@clickbank.net,68197 Waxwing Place,Room 3,CN,
Timmie,Taillard,zC5<s!{d,ttaillard4e@google.com,9 Dwight Trail,PO Box 56169,FR,95234
Elianore,Townend,kU1$XR>)q//3u,etownend4f@cdbaby.com,0 Memorial Park,Room 1077,PT,
Gael,Gut,"sP4_J=YEZ""X%dc+&",ggut4g@foxnews.com,96854 Sycamore Park,,DE,
Stanleigh,Grzeszczak,uN3+GC\f2M,sgrzeszczak4h@arstechnica.com,8736 Maple Point,17th Floor,ID,
Ellery,Normavill,cE0?S0h$af,enormavill4i@pbs.org,7119 Hintze Street,Suite 59,CN,
Stace,Hacaud,qD4{n&=aI,shacaud4j@addtoany.com,80461 Cambridge Circle,Apt 1918,SD,
Abba,Sofe,"aT8\cDK,)qE",asofe4k@com.com,78372 Lighthouse Bay Avenue,,ID,
Tobias,Perkin,iE9!?4$eK,tperkin4l@usnews.com,5365 Annamark Lane,PO Box 89671,VN,
Lorilee,Everill,pN3|r/)SG,leverill4m@mlb.com,79 Gerald Place,5th Floor,PE,
Timothee,Stronack,"pX1""59z\u",tstronack4n@icio.us,069 Surrey Street,5th Floor,PL,87-880
Paulina,Krishtopaittis,zC6'Y$2/H|~o,pkrishtopaittis4o@oaic.gov.au,9010 Almo Parkway,Room 1204,PH,3014
Grannie,Berkowitz,"nD1'B`r,",gberkowitz4p@sakura.ne.jp,89 American Avenue,PO Box 63627,PT,5030-213
Kliment,Selkirk,"qR5""8EQ\o",kselkirk4q@instagram.com,5 Aberg Junction,PO Box 63036,AR,9200
Kaile,Bladge,qX1$MDRLX1Jd,kbladge4r@guardian.co.uk,019 Maple Way,PO Box 13823,FR,75837 CEDEX 17
Ailis,St Pierre,oI5_NtDDrVR,astpierre4s@opensource.org,51 Lake View Court,Suite 76,CA,S0G
Cazzie,Denslow,fJ6>#d}$M1a|,cdenslow4t@cbslocal.com,4568 Eagle Crest Place,Apt 1325,ID,
Trstram,Ugoletti,kK2?=hUM*)bfIa,tugoletti4u@gov.uk,13 Cambridge Place,Apt 1415,AF,
Jillane,Spread,"bQ2/NY}Z1t,HXLAc",jspread4v@freewebs.com,80 Declaration Pass,,PH,1119
Mallorie,Niccolls,pE2!Gzmu5ZK9xW,mniccolls4w@intel.com,8 Chinook Road,Suite 38,HN,
Harman,Yearnsley,"cK2*n!$B,",hyearnsley4x@xrea.com,613 Lillian Court,PO Box 69496,BS,
Avictor,Handlin,oH9(oV)0U,ahandlin4y@sciencedirect.com,44598 Fairview Trail,PO Box 12964,FR,13219 CEDEX 02
Tarrah,Andrzejowski,"rH3,CNG*c""$Gu3\g",tandrzejowski4z@sphinn.com,56909 Schmedeman Crossing,11th Floor,FR,84033 CEDEX 3
Riordan,Chesley,aE6+~Xz8=I$.J,rchesley50@ft.com,39379 Lyons Lane,,CN,
Camey,Mackie,yF8>YGy!9*@d,cmackie51@reuters.com,6608 Basil Drive,PO Box 10270,IQ,
Fayina,Bischop,cH2*>/Bo}P#bt,fbischop52@github.com,530 Banding Drive,PO Box 49698,CN,
Vanny,Kubatsch,wF7)QO0Wox@,vkubatsch53@cargocollective.com,33223 Transport Crossing,Suite 13,CO,051468
Ronny,Gammett,pH5}aSTLh~,rgammett54@google.nl,70505 Tennyson Drive,,CN,
Glory,Huband,pK7/tn<(#\{?,ghuband55@sakura.ne.jp,93207 Sunbrook Parkway,Room 1057,PH,7214
Ilysa,Ughetti,aW4/hexd,iughetti56@cam.ac.uk,9 Jenna Parkway,Apt 401,SL,
Davy,Loan,qJ0<RC}L,dloan57@mozilla.org,9977 Nevada Trail,8th Floor,CN,
Caesar,Blinco,cW0?5%vM`0Xp(,cblinco58@tamu.edu,08 Magdeline Park,PO Box 84794,PT,4920-070
Lenka,Frape,"oH2*{$\FJL""Swy",lfrape59@bing.com,688 Holmberg Circle,PO Box 69033,PT,5090-105
Kassandra,Pincott,kK7!giJ&,kpincott5a@bloglines.com,185 Schlimgen Parkway,PO Box 65893,SE,662 33
Prescott,Lerven,tP2__mnSTkdc9,plerven5b@google.cn,766 Carberry Center,PO Box 18459,CN,
Velma,Vasilchikov,yH4=%OjTp?,vvasilchikov5c@alexa.com,0085 Sutteridge Alley,Apt 688,BR,17700-000
Marilyn,Andreas,fH9~LEjeA,mandreas5d@amazon.de,26215 Manitowish Hill,,FR,93584 CEDEX
Ashia,Seally,aL3'L2&r<,aseally5e@gizmodo.com,5 Sherman Place,,FR,86083 CEDEX 9
Elladine,Argent,fI5&65Z{uZ3P,eargent5f@istockphoto.com,8 Bluejay Point,Room 1110,CO,
Haleigh,Bradbeer,iW2=id*>>+LE2,hbradbeer5g@thetimes.co.uk,7075 Evergreen Circle,Suite 61,BR,94000-000
Ximenes,Vahl,hP6(rB5pvTpUd*zy,xvahl5h@gizmodo.com,75290 Fair Oaks Pass,Room 1149,CN,
Hinda,Tertre,zU4*nl6b`/W!,htertre5i@usa.gov,8340 Sugar Point,PO Box 52701,RU,658160
Brocky,Haining,lU0)qNk@ZQWxy<OV,bhaining5j@cbc.ca,441 Arkansas Trail,Suite 86,PE,
Lezley,Brewett,eU5#oO6Q*a,lbrewett5k@nymag.com,64274 Meadow Ridge Circle,Room 680,GR,
Elfie,Mewton,"hG4!td,_h`?Su",emewton5l@howstuffworks.com,9 Mockingbird Trail,Suite 47,US,76205
Arleen,Colbert,rH2%8#(Y_,acolbert5m@csmonitor.com,46 American Drive,PO Box 50496,FR,95761 CEDEX 1
Dynah,Waith,kQ1}{yk$F,dwaith5n@businesswire.com,182 Waywood Place,Suite 51,ID,
Allegra,Raybould,"vL6""vl\x\@k",araybould5o@huffingtonpost.com,61 American Circle,Apt 1880,CN,
Harris,Frid,dO9`xQUNl)@VZEd,hfrid5p@marketwatch.com,0676 Bunker Hill Parkway,,CN,
Sherwynd,Camell,mV3?+z_W+hJ,scamell5q@nih.gov,08 Mccormick Parkway,Suite 19,CN,
Hedvig,Maben,iN6?bp)%,hmaben5r@1688.com,13249 Hanson Street,Suite 83,AR,4618
Lazare,Brookes,nZ4_zPO\'o>TjJ9,lbrookes5s@google.com.br,895 Orin Circle,Apt 351,ET,
Duane,Dyzart,"aT5+V#F|>L<C@E""",ddyzart5t@about.me,756 Caliangt Street,Apt 166,ID,
Sissy,Persent,dR9\DSUgs/#v9@$@,spersent5u@princeton.edu,8 Shasta Way,Room 1742,LU,L-9640
Tirrell,Blamphin,yX0*sZ\E{P~w,tblamphin5v@sohu.com,96 Farwell Parkway,Room 1112,PT,2705-577
Kaleb,Messruther,wR0!+TCMncsS`,kmessruther5w@tmall.com,2304 Morning Way,,ID,
Alwin,Jiroutka,qO2$iY7)2c+9$P,ajiroutka5x@drupal.org,94 Logan Crossing,PO Box 7904,AR,5972
Lawton,Dyke,dH7+5vt`Rhf!F~c,ldyke5y@sourceforge.net,23 Melvin Terrace,,LR,
Noby,Jaume,mW1?qcR4F?U,njaume5z@nydailynews.com,106 Clemons Terrace,Suite 64,FI,47520
Levi,MacFadin,"jI3`\9,Dagxr",lmacfadin60@slate.com,46097 Maryland Point,PO Box 81530,CN,
Lyndy,Sains,wA9#OE/>BkUyc,lsains61@g.co,87 Cardinal Junction,Apt 531,ID,
Kingsly,Greenly,wC9(v=Bo,kgreenly62@hhs.gov,06651 Mayer Pass,Apt 1524,PH,6015
Dione,Frewer,bW6#QG6k}FW,dfrewer63@spotify.com,762 Dovetail Way,PO Box 47532,VN,
Giusto,Chark,eK6@=>wOn.L!r,gchark64@yelp.com,4715 Prairie Rose Avenue,,CN,
Meade,Huson,"nG9@K,2bT",mhuson65@google.ca,457 Northview Road,Apt 1206,IQ,
Hyacinth,Valenti,zH6`UB6BAo,hvalenti66@nih.gov,0602 Waubesa Avenue,Room 1230,CR,50504
Florella,Sewill,lD5>H`iN,fsewill67@va.gov,00424 Lighthouse Bay Park,Room 182,UA,
Allegra,Sayce,"hY9"".zCR!D<3",asayce68@cmu.edu,5707 Reindahl Street,,RS,
Joline,Jubb,mI2?qjjZ6,jjubb69@prlog.org,69044 Alpine Park,,CN,
Ray,Smolan,"hP6{<~*""W",rsmolan6a@seesaa.net,7805 Darwin Drive,Room 959,ID,
Katha,Hazelgrove,"qH6(Slnu+!}*""P",khazelgrove6b@mapquest.com,848 Killdeer Center,Apt 1239,CA,T9N
Barnaby,Woodbridge,oO6`SWQ',bwoodbridge6c@51.la,6 Village Green Hill,PO Box 17183,ID,
Hayyim,Burton,tC3/Juiprk9+{uY,hburton6d@nba.com,029 Gerald Drive,,CN,
Brooks,Earingey,rR2>S805JFrGAOA,bearingey6e@yelp.com,744 Eastlawn Plaza,,BY,
Allys,Carrabott,"dC3,eCD~""{&O?2G8",acarrabott6f@posterous.com,158 Hudson Road,3rd Floor,PH,7306
Trip,Easdon,rA5.xa!}U2,teasdon6g@oracle.com,676 Dixon Hill,9th Floor,SE,781 29
Danny,Sorby,xD1*OVmGK91Ko,dsorby6h@msn.com,4342 Forest Trail,9th Floor,GB,W1F
Parry,Gunda,"jG1=b}fO/"")9v",pgunda6i@illinois.edu,96 Morning Park,,DO,10411
Orelee,Vairow,fL7*Us0a5K,ovairow6j@ed.gov,91630 Mayfield Terrace,,BR,96470-000
Rosalinde,Raper,vT0|rkmjF3,rraper6k@discovery.com,17236 Goodland Trail,,CZ,664 84
Charlotta,Lewsey,"eV4(Sg9""i",clewsey6l@wikipedia.org,974 Grasskamp Road,PO Box 1299,RU,452607
Audrey,Delves,zI2$fY@q'4,adelves6m@army.mil,512 Bashford Parkway,13th Floor,DE,63073
Nathalia,Chadbourne,yT1>$LpNb,nchadbourne6n@ezinearticles.com,2 Rockefeller Hill,,PT,3450-440
Matthaeus,Mathevon,fW4=aF/t.,mmathevon6o@prnewswire.com,0886 Messerschmidt Lane,Room 167,PH,4706
Shelley,Egle,bH3<*??MF%~=%h`3,segle6p@google.ca,3 Kim Terrace,PO Box 7145,PL,62-720
Derron,Stalley,jQ1(Bs\u_vXD1EG,dstalley6q@fda.gov,8434 Oak Valley Court,,PK,40041
Constance,Almack,uS7\x+(uM=,calmack6r@shop-pro.jp,53901 Nevada Place,Room 131,CZ,768 02
Calley,Reilingen,eI5(RCnuF*<5Tj,creilingen6s@craigslist.org,312 Almo Pass,,BY,
Lindsay,Kees,mJ5>NTmS,lkees6t@dedecms.com,719 Gateway Junction,Suite 25,FR,19204 CEDEX
Normy,Dent,"uU4`fH""&./#V&SHY",ndent6u@theglobeandmail.com,1732 Lyons Road,,CL,
Gavra,Grayston,rN6%k+VmH@>w#+,ggrayston6v@scribd.com,9 Petterle Circle,Apt 1619,MK,1040
Alisa,Marchant,gU5=Hq~Dj_#N,amarchant6w@last.fm,10486 Merry Lane,18th Floor,AR,4162
Everard,Hews,oX3!F)LC,ehews6x@biglobe.ne.jp,9 Golf Circle,Suite 2,FR,35435 CEDEX
Dall,Halso,uD6$E6H1o=*,dhalso6y@answers.com,4824 Mesta Road,,ID,
Marne,Linsay,xW2*45bU&,mlinsay6z@dyndns.org,52721 Manitowish Crossing,Room 80,AM,
Ferris,Grivori,qF2'&orPe9)av8,fgrivori70@goo.ne.jp,0045 Bunting Lane,Room 583,PH,0905
Fredelia,Pilley,vJ7.#&FAy,fpilley71@wikimedia.org,33 Dwight Way,Room 1110,SV,
Hobey,Dunbobin,gV8!utHGSj{X+i,hdunbobin72@nationalgeographic.com,3023 Bartelt Crossing,Room 1583,PT,7200-252
Geordie,Rocca,dG2\8JVhL,grocca73@odnoklassniki.ru,03111 Dawn Street,Room 1967,PH,2408
Rickard,Pidon,lI5<QCud0/\rw!&,rpidon74@prweb.com,3271 Dennis Place,Apt 1872,ID,
Therese,Goodoune,nB3/FKJKJ9lU,tgoodoune75@irs.gov,8 Rigney Way,Apt 97,CN,
Verena,Bullin,bU0<oX>w,vbullin76@state.tx.us,6392 Declaration Drive,,RU,353650
Khalil,Oherlihy,iW0(mSJ3,koherlihy77@altervista.org,78 Warner Drive,Apt 1428,FI,77700
Dalston,Bog,bO3)E_8r*dYpbYy,dbog78@jiathis.com,1 Green Ridge Road,PO Box 89415,FR,49905 CEDEX 9
Luella,Woodlands,fS9(9?wU==|dC,lwoodlands79@nytimes.com,14963 Pearson Plaza,,NO,0371
Faith,Yushin,iD8&&hrnvcbz,fyushin7a@alibaba.com,24259 North Terrace,Apt 1539,US,37245
Clarabelle,O'Shields,sN4`Z<h2a1s3,coshields7b@gmpg.org,36 Melby Park,PO Box 8318,PH,8425
Ingar,Simmonite,"uX0|H+PR,m",isimmonite7c@techcrunch.com,90 Waubesa Plaza,Suite 61,CN,
Gardy,Tudor,"pJ4""Cn=NQTf&$j",gtudor7d@gizmodo.com,25 Oak Valley Circle,PO Box 34690,CN,
Kendricks,Swateridge,xU0#im.&14iE=,kswateridge7e@biglobe.ne.jp,0 Everett Circle,Room 996,UY,
Dayle,Derle,kE4%1tk#NY.,dderle7f@techcrunch.com,1 Stephen Court,Room 855,LK,11104
Ransom,Binden,zS9\#d3v?Gtx,rbinden7g@businessinsider.com,7553 Sunfield Court,,NZ,3244
Alphonse,Emett,"kJ5_#*gwxqs@SU,X",aemett7h@ox.ac.uk,68772 Calypso Junction,,IR,
Phylis,Roomes,rO8&{vek`0~.ALwy,proomes7i@dedecms.com,1 Summit Plaza,6th Floor,ID,
Guthry,Ledgerton,jQ6@4{e&H6,gledgerton7j@oaic.gov.au,05 Maple Wood Center,PO Box 63375,ID,
Theresita,Whannel,lH1/d3R!N,twhannel7k@linkedin.com,13 North Way,19th Floor,AR,3370
Ezequiel,Alston,bO5%GJZ>|E%,ealston7l@home.pl,096 Carey Terrace,,FR,64044 CEDEX
Tedie,Gettins,"wK3#a%""2q3$(82iT",tgettins7m@craigslist.org,450 Sage Road,,CN,
Alison,Blaza,cT1`mU7?,ablaza7n@linkedin.com,77 Coolidge Lane,Room 538,ID,
Son,Sydney,fY6$N?JfPiHg,ssydney7o@theguardian.com,4071 Starling Trail,Apt 964,AD,
Ericha,Poltone,aC9~7VA3L7{2f,epoltone7p@phoca.cz,89 Bayside Circle,Room 806,ID,
Sibyl,Mandeville,"eW2,ljH<C",smandeville7q@yolasite.com,9 Hansons Center,,SI,4274
Mahmud,Middlehurst,oV5'Kx5vEQ*lx@#,mmiddlehurst7r@multiply.com,97841 Melody Park,PO Box 2324,PE,
Hildagard,Fahrenbacher,lS7$p*vv,hfahrenbacher7s@auda.org.au,0111 Caliangt Hill,Room 1869,ID,
Wandis,Wattisham,gS8!7!C!453Py,wwattisham7t@hao123.com,1927 Russell Alley,Apt 1181,TZ,
Dorolisa,Habbema,tS4+4Lg_,dhabbema7u@barnesandnoble.com,05 Declaration Plaza,,CN,
Ulla,Corpe,lX9}e1a<,ucorpe7v@prlog.org,424 Gerald Lane,3rd Floor,KN,
Kimmie,Saturley,"mZ0""`5g_",ksaturley7w@trellian.com,197 Bashford Way,,CN,
Stanislaus,Felgat,vY1?E))L73JXz,sfelgat7x@webeden.co.uk,14658 Thierer Junction,Apt 639,CN,
Godfree,Brimley,xU5?<rg>{_5T_,gbrimley7y@scientificamerican.com,9 Bellgrove Drive,,PS,
Javier,Pablo,kH0/Tg|zA+!`I.~,jpablo7z@wix.com,77549 Melby Trail,18th Floor,CN,
Dal,Torritti,oL1$4N\j(,dtorritti80@parallels.com,7 Bartillon Terrace,,CN,
Ethelda,Dyerson,iQ3~xO>&/,edyerson81@amazon.de,6 Everett Terrace,,BD,1330
Giorgio,Rylatt,"zQ2""O_3?nH+<",grylatt82@dedecms.com,5592 Sutteridge Parkway,9th Floor,CN,
Matthus,Eaglen,"qI4#J,Mo",meaglen83@com.com,0179 Messerschmidt Plaza,Room 651,IE,P81
Erhart,McCarlie,zP3=|l~+v,emccarlie84@marketwatch.com,22050 Oneill Point,PO Box 56169,UG,
Onofredo,Aykroyd,rL4)u)po(,oaykroyd85@addthis.com,3930 Nova Street,Apt 46,JP,436-0079
Olva,Stivers,iH2)>RHEE1<=,ostivers86@ucsd.edu,77 Thompson Crossing,Suite 41,RU,612425
Austin,Pull,"aL7""yvJ!""jz",apull87@cnn.com,35375 Basil Way,Suite 68,SE,672 24
Dareen,Vsanelli,"sU5$cwY7TYY,1&F#",dvsanelli88@boston.com,25837 Waywood Lane,Suite 22,YE,
Powell,Cunah,"rB1*UyIBMn}~PI,",pcunah89@soundcloud.com,09360 Cherokee Center,,CN,
Matti,Mewton,gV2%irvd&,mmewton8a@msu.edu,3 Mallard Court,Suite 31,JP,699-2211
Rudolfo,Tibbetts,tF2@#EL@U?vi9,rtibbetts8b@theatlantic.com,13 Lighthouse Bay Drive,Suite 73,PL,67-410
Evelin,Fetter,yM0#C8D)j,efetter8c@goo.ne.jp,571 Bartillon Avenue,14th Floor,PL,89-530
Bobbette,Fasse,uD8$C#O#,bfasse8d@symantec.com,27372 Calypso Point,,CN,
Thomas,Gadeaux,nN2/T4G!xJ,tgadeaux8e@addthis.com,4326 Burrows Court,,FR,
Randie,Klimkowski,rJ8?Rt8~,rklimkowski8f@tripod.com,2 Sutteridge Parkway,Room 396,UA,
Bendite,Humbee,"eU2*mk%!2P@w""",bhumbee8g@spiegel.de,704 Dahle Court,Apt 566,ID,
Danya,Hunn,"xQ6{/W$&5e""0x",dhunn8h@oaic.gov.au,94032 Delladonna Way,14th Floor,RU,353220
Leila,Janota,"nK6,L#Na|2Mf""z%Q",ljanota8i@clickbank.net,4188 Becker Terrace,Suite 48,CA,T9C
Noach,Hassett,kA1.QI`eT\Erf,nhassett8j@weibo.com,261 Waywood Court,,NG,
Simonne,Ghiron,oG1\WK~sRJZ'\/&h,sghiron8k@geocities.jp,0 Longview Trail,Apt 1830,GR,
Dulsea,Lewsley,nC1|PI0D~3kdaB~4,dlewsley8l@senate.gov,21 Forest Dale Road,,CN,
Randal,Baglan,"gN8,zDEvL5",rbaglan8m@merriam-webster.com,77 Lerdahl Point,7th Floor,PH,2211
Maribeth,Gammon,aQ6+Rx|p$H?,mgammon8n@ameblo.jp,89811 Morningstar Terrace,Room 305,PL,63-001
Johnnie,Ianni,"zM5,bcL<N",jianni8o@statcounter.com,0151 3rd Street,,ID,
Jackson,Skin,"aK9\,n0O0G?""",jskin8p@bizjournals.com,46 Clove Circle,,LT,
Glynis,Antosik,uN6+rFHP8,gantosik8q@tinyurl.com,88 Blue Bill Park Trail,PO Box 76958,CN,
Oona,Frane,mX8'otg0,ofrane8r@yellowbook.com,47937 Russell Terrace,,US,31422
Keary,Rumens,yA6/nT(h')n<,krumens8s@mashable.com,647 Tomscot Court,PO Box 19021,CZ,686 04
Corey,Povey,aB0&Y%@/hieJ,cpovey8t@altervista.org,16 Grasskamp Road,,RU,673732
Marlane,O'Keenan,"lI0\J,(}L<",mokeenan8u@unicef.org,68210 8th Court,,CG,
Carolee,Tetford,gT9&x`MRSvcr5Z}V,ctetford8v@icq.com,2521 Comanche Court,Apt 1485,BR,37120-000
Devon,Karpol,dD1|(./rbe,dkarpol8w@fotki.com,546 Center Place,Apt 1303,CO,687527
Carol-jean,Eadon,xG1.LqdJ{,ceadon8x@china.com.cn,2075 Clove Way,Apt 557,JP,981-4327
Rheba,Casillas,eI5$mC2(d3x0c2,rcasillas8y@infoseek.co.jp,08 Carpenter Center,,CN,
Nickola,Spavon,nI2_n7uX~D'f?U,nspavon8z@nps.gov,8341 Autumn Leaf Road,Suite 87,CN,
Grover,Aronovitz,"hC3&L$9,{",garonovitz90@time.com,040 Calypso Road,19th Floor,SY,
Harald,Deeble,"eC5%?},\#K",hdeeble91@google.fr,957 Northwestern Avenue,,CA,N5C
Carina,Byre,tN9<6\lmd,cbyre92@instagram.com,967 Golden Leaf Pass,,PT,2710-470
Amelina,Brose,qX5@'S>~,abrose93@weibo.com,0819 Autumn Leaf Alley,Room 1074,PT,
Roger,De Bischof,eU7(>G296HlHuUG,rdebischof94@google.ca,5488 Golf View Road,,HN,
Miner,Whiteland,rY5{>!HGS,mwhiteland95@businesswire.com,611 Lindbergh Park,6th Floor,CO,276019
Whitney,Ateggart,"bY0}r~d,Y<",wateggart96@flavors.me,5 High Crossing Avenue,Apt 792,CF,
Marya,Rehn,iU8+Ui&o@TF0N,mrehn97@virginia.edu,9 Pine View Place,7th Floor,BR,
Babbie,Mc Carrick,wW0|}Qa!8,bmccarrick98@ft.com,7853 Golf View Parkway,Suite 37,HN,
Gustav,Chatelain,bG3>GVB1,gchatelain99@upenn.edu,249 Bonner Park,Apt 1577,YE,
Pandora,Siemons,eY0%x8W>K<R=Bg@1,psiemons9a@hubpages.com,0621 Kedzie Pass,Suite 35,CO,151287
Neille,Lorence,iZ2$Jd)LG_L$)U,nlorence9b@bloglines.com,2 Porter Junction,PO Box 64468,IR,
Moishe,Muir,"iK2_""\VXB=6_Oz",mmuir9c@engadget.com,561 Bluejay Parkway,Apt 1029,CN,
Kata,Merriton,dI7}O6XNT,kmerriton9d@craigslist.org,48 Lyons Road,,NG,
Blondelle,Bartomieu,"gM8$A2t,01LT'",bbartomieu9e@businessinsider.com,10 Banding Crossing,Apt 902,CN,
Putnam,Mengue,iM4{uSCbAvX'*2,pmengue9f@reference.com,755 Utah Avenue,Room 1352,CN,
April,Dearnaley,"aR1*/""d~/.(wn",adearnaley9g@reference.com,18 Rutledge Park,,ID,
Kain,Tellenbrok,bX6%o!Na,ktellenbrok9h@blogtalkradio.com,1 Dottie Park,,AL,
Elmer,Sherbourne,rE7%'<VxM,esherbourne9i@scientificamerican.com,77 Transport Trail,PO Box 56458,PL,83-304
Ainslie,Hugonin,lA1$Md/}3>a4,ahugonin9j@ehow.com,9 Farwell Road,Room 1715,CM,
Penny,Rosthorn,aU0)!xI4uL_,prosthorn9k@cmu.edu,960 Talisman Road,Suite 30,CN,
Rosemary,Dayborne,"pX6=,sbn2A2>",rdayborne9l@hc360.com,96 Spohn Court,Suite 7,CR,51001
Fairleigh,Lagen,"hQ3+V,ycI9pGC",flagen9m@foxnews.com,0 Kenwood Junction,Suite 52,UA,
Ilysa,Daulby,gR5!PwY05J&FE~,idaulby9n@4shared.com,889 Jenna Parkway,,ID,
Shaun,Harlowe,zM0*E!P`NT=3'u<N,sharlowe9o@flickr.com,993 Bay Alley,,CN,
Monte,Krook,dW2/N(/*S,mkrook9p@nbcnews.com,19966 Schurz Lane,Suite 10,ID,
Ansley,Cosely,"eO7,F)cWewdwXS!",acosely9q@msn.com,05 Moulton Pass,,GR,
Fina,Rippingale,cT5)U63N>iL/|jwW,frippingale9r@hc360.com,00 Sundown Trail,12th Floor,CN,
Bent,Stukings,fP1>Wg2WL,bstukings9s@cbslocal.com,646 Elgar Way,Room 198,RU,
Darb,Danton,lV5)OLQO,ddanton9t@time.com,64286 Goodland Court,Apt 1839,CZ,747 15
Edvard,Morl,rI0`42in%`f,emorl9u@unesco.org,70 Sullivan Drive,,CN,
Marlon,Bottelstone,pJ5'OS$\{,mbottelstone9v@macromedia.com,9 Northfield Lane,PO Box 38335,RU,164251
Guendolen,Secombe,oA0.ZjSc4_,gsecombe9w@home.pl,53401 Mcguire Center,,PT,9100-035
Harrie,Cordelet,"lI7,~8apMB9q",hcordelet9x@hexun.com,83413 Brown Lane,Apt 1011,CN,
Berget,Raymond,fJ2'%8VRE3E(!8#,braymond9y@whitehouse.gov,01 Brentwood Parkway,1st Floor,ID,
Lauralee,Meeks,"oD3*"">}mT",lmeeks9z@cnn.com,07 Scofield Parkway,Apt 882,HN,
Lesya,Prise,nW9+8a8gJS(td%,lprisea0@chicagotribune.com,86471 Sycamore Junction,PO Box 16557,CR,21001
Margarethe,Greensmith,"rC8+,H1Vk_d?",mgreensmitha1@mapy.cz,4 Dennis Place,Suite 78,HN,
Emyle,Fendlen,dE6`YMayyZ>h@ahO,efendlena2@phoca.cz,20 Carey Pass,16th Floor,TN,
Bradney,Lydon,hP4#sb/{r?,blydona3@nasa.gov,6 Sutteridge Alley,PO Box 11994,TH,
Valle,Tales,bI3{=}m2'2{,vtalesa4@comcast.net,356 Mayfield Road,PO Box 73699,PH,5702
Charlie,Scedall,dZ5~Pq$GJ,cscedalla5@posterous.com,26999 Tennyson Terrace,PO Box 70840,KE,
Town,Bover,"tS1>>,yY",tbovera6@columbia.edu,6477 Hudson Parkway,Room 1443,UY,
Luise,Bernardini,dY1)W37uj.rM,lbernardinia7@hugedomains.com,7 Iowa Center,4th Floor,UA,
Jude,Millbank,"qI8~X=P,/}WtH",jmillbanka8@hud.gov,44 Oak Lane,,LU,L-4354
Dean,Angerstein,rV7<8r&n8e,dangersteina9@prweb.com,82845 South Street,,PH,9512
Aldis,Degnen,dS8?72/)RET{)D}t,adegnenaa@sohu.com,25 Mandrake Alley,PO Box 75141,CN,
Albertina,Andreou,eL5@@|qk,aandreouab@issuu.com,6 Gerald Parkway,Suite 66,RU,659070
Curran,Poker,fD7}2sEyln1%7@&',cpokerac@msn.com,63 Burning Wood Trail,Suite 26,ZA,
Martita,Dearnley,cP9@RxGgG%.jM<,mdearnleyad@nifty.com,8545 Delaware Way,PO Box 14938,AR,5500
Percival,Wyley,"kK3*>X""18BaCX8S",pwyleyae@ask.com,6 Shelley Pass,,PL,64-980
Haskell,Every,mL7=Q)$(oM9l`.r<,heveryaf@blog.com,1782 Caliangt Terrace,PO Box 80930,EE,
Coleen,Walenta,xK5#h>\A}(fy}6K/,cwalentaag@mozilla.org,57005 School Way,Room 159,VE,
Eldin,Brosio,cX3>V+&q@\(1Q,ebrosioah@scientificamerican.com,0 Emmet Terrace,,CI,
Damita,Sellen,pY5}ZuC{0LO0v,dsellenai@techcrunch.com,62623 Northridge Avenue,Suite 28,ID,
Willy,Sewley,hY5$y%pL?p'_z/,wsewleyaj@google.com.br,3362 Esker Junction,PO Box 29983,PH,5504
Wendi,McCunn,"gP1""xrreNNMz>Q6",wmccunnak@dmoz.org,9105 Butternut Hill,12th Floor,LU,L-8453
Frasquito,Simants,bM0_ZfiQiU6i,fsimantsal@si.edu,3015 Rutledge Circle,,ID,
Claire,Papps,"lO5,T?tl",cpappsam@netlog.com,92 Florence Plaza,Room 1057,CN,
Claresta,Ciobotaro,vG0(R8chFx&.,cciobotaroan@google.ru,3 Parkside Hill,Suite 53,FI,04380
Ilaire,Leinthall,"xG0,P?U8g}",ileinthallao@timesonline.co.uk,52545 Lerdahl Parkway,Suite 77,CN,
Darrick,Amori,yL2.P1|%uY(t@o7,damoriap@flavors.me,01743 Ilene Plaza,Suite 66,PE,
Shari,Struttman,"hW9""CH\xYD",sstruttmanaq@cocolog-nifty.com,41 Sutherland Street,,PL,62-031
Peri,Housecraft,eM5>@<XC1fWzbEk,phousecraftar@bloglines.com,02478 Trailsway Plaza,17th Floor,CN,
Peirce,Sibbs,rC0|yE\|!,psibbsas@prlog.org,34799 Sherman Road,PO Box 51421,CO,134548
Queenie,Redfearn,kU4*TfINo\p,qredfearnat@de.vu,30450 Mcbride Avenue,Room 185,CN,
Abrahan,Deeson,sQ2$woG8,adeesonau@umn.edu,98 Summit Plaza,PO Box 76900,ID,
Gerek,Sproul,sN8/9Y&M,gsproulav@huffingtonpost.com,793 Continental Place,Room 1299,CY,
Darya,Bech,pD3!a1O|vVt,dbechaw@ted.com,0 Sheridan Way,Apt 704,CN,
Valli,Budibent,sI1}g*YYS!uY4G,vbudibentax@vkontakte.ru,9 Grover Place,Apt 291,BR,64240-000
Penni,Yandell,hH9}WfkM(,pyandellay@sitemeter.com,1 Cherokee Trail,12th Floor,PH,8501
Hymie,Rappport,xN9+wL8Fk,hrappportaz@edublogs.org,0 Granby Park,11th Floor,BR,76590-000
Cassaundra,Getty,tX6!PN<?,cgettyb0@angelfire.com,7 Grim Pass,Room 884,ID,
Hill,Beltzner,hF8}s7wl{lJQ,hbeltznerb1@aol.com,024 Mockingbird Trail,Room 255,PH,4124
Giffer,Vasilischev,kK0\e`um!,gvasilischevb2@census.gov,48 Carpenter Road,Suite 40,AF,
Amelina,Dilkes,dQ2.Qd!\T,adilkesb3@purevolume.com,420 Almo Junction,Room 487,CN,
Joseph,Harraway,mG3\0w&MHx((t,jharrawayb4@weebly.com,8017 Karstens Parkway,11th Floor,CN,
Drucill,Blanche,"hH7""g/SrOuJ",dblancheb5@craigslist.org,76 Becker Parkway,,PL,43-356
Teodorico,McGonigal,jM1|$8P5MTgS,tmcgonigalb6@topsy.com,05 Debra Trail,Room 1542,RS,
Onfroi,O'Kielt,"dW4,3MrrJ",ookieltb7@1688.com,97 Everett Street,Room 1238,PS,
Chet,Ferrillo,nK8/!/5WTfe%0m,cferrillob8@cpanel.net,5665 Buena Vista Circle,Apt 576,AM,
Salomone,Gorusso,nO8>Vh+Y.g`jDwG,sgorussob9@123-reg.co.uk,7 Talmadge Place,PO Box 72527,PH,6305
Dur,Allright,"tY9,th2Z",dallrightba@google.ca,2268 Tennessee Lane,Apt 1396,JP,865-0131
Cynde,Romain,vN8.qsPhELNr|g,cromainbb@mysql.com,679 Laurel Terrace,,DK,1349
Molly,Fritschmann,aP8\v?njm,mfritschmannbc@mail.ru,77573 Gale Street,Room 23,FR,93321 CEDEX
Justis,Gurnee,mH5<@pEX`Mvo,jgurneebd@miibeian.gov.cn,8919 Dunning Parkway,Apt 550,CN,
Lou,Capinetti,yW0@uyJleGS,lcapinettibe@spotify.com,47486 Brickson Park Alley,PO Box 54310,RU,431355
Pauli,Spehr,rH3=cpfVmd$9fGJ,pspehrbf@creativecommons.org,86064 Pepper Wood Junction,,PT,2745-005
Ximenes,Taunton.,fD9>k}'K,xtauntonbg@linkedin.com,28 Pine View Way,Apt 1455,CN,
Chuck,Pardon,qB9`|fRDXviNQcn,cpardonbh@va.gov,84453 Sutteridge Hill,19th Floor,MX,88980
Mackenzie,De Hailes,"yT4{RlOG.""#2q",mdehailesbi@usda.gov,999 Eagan Street,,FI,36760
Dasha,Canto,"wQ3`XwAa4/Y(eg""1",dcantobj@163.com,60 Ridge Oak Hill,Room 1864,HN,
Vincents,Eirwin,"sK5&'p2,h&",veirwinbk@mayoclinic.com,330 Leroy Alley,4th Floor,CZ,403 39
Giulio,Livings,bX8/`gQW3/XH,glivingsbl@patch.com,1 Towne Court,18th Floor,JP,407-0176
Dunstan,Chant,jH1~{g_}DTvqVh_d,dchantbm@wix.com,2 Sugar Alley,14th Floor,CN,
Leland,Brazil,kZ1=Yy7i!e$',lbrazilbn@salon.com,0060 Namekagon Pass,Room 1163,US,85260
Vinnie,Wozencroft,wC3.7DJ_<{,vwozencroftbo@stanford.edu,8 Ryan Avenue,,BY,
Theda,Wenman,dB0(%%'oM+pR,twenmanbp@dailymail.co.uk,9209 Carey Drive,Apt 1382,AR,5184
Thain,Moppett,"pJ5""PQ2A",tmoppettbq@economist.com,062 Lien Parkway,PO Box 53849,ID,
Ame,Planque,"xB0`}""hB6`o",aplanquebr@illinois.edu,8 Esker Alley,Suite 22,CN,
Naoma,Berthelet,hE2>LNFmhQC#@0E,nbertheletbs@disqus.com,6 Rigney Alley,Suite 21,CN,
Phineas,Jasik,hN9|/&zWeb4,pjasikbt@walmart.com,684 Stephen Road,Room 500,FR,79099 CEDEX 9
Olly,McOwen,zB6>o#2K(kA5T,omcowenbu@free.fr,12 Wayridge Junction,Room 1617,BR,65715-000
Kala,Baptista,lE3#4?zOzE,kbaptistabv@tamu.edu,10193 Charing Cross Pass,7th Floor,HU,4029
Orelee,Mc Curlye,"xA1$T""p/I{=",omccurlyebw@nasa.gov,05 Lake View Plaza,Room 101,ID,
Ernesto,Russi,hV2&%Cen'P,erussibx@last.fm,386 Saint Paul Drive,,GB,LE14
Elfie,Rees,"uM2*=g=,",ereesby@wordpress.com,9 Dorton Way,Room 1559,CN,
Salvador,MacGorley,"yJ2""W!Vfg8Om<O+",smacgorleybz@goodreads.com,994 Dunning Parkway,,SE,127 86
Evanne,Fahrenbacher,iH2>HScca,efahrenbacherc0@cam.ac.uk,97688 Rutledge Lane,PO Box 92025,PH,6807
Spencer,Bingell,eH2'sywh=,sbingellc1@google.it,12 Harbort Place,Room 1012,NZ,1150
Gawen,Grasner,tB7./m<!CT6X=,ggrasnerc2@state.tx.us,950 Fieldstone Way,,PS,
Jarrett,Feedome,bP1>G`LPi,jfeedomec3@comsenz.com,38 Sullivan Pass,PO Box 66784,BR,17860-000
Rafe,Shergold,uW4}zj@~_r),rshergoldc4@columbia.edu,533 Northview Terrace,,BS,
Tana,Loseby,dV2$aX}bQ$,tlosebyc5@seattletimes.com,5272 High Crossing Terrace,Room 181,PT,4520-509
Brianne,Prue,"pM4,C?)+*",bpruec6@is.gd,69591 Sommers Street,Suite 54,JP,856-0847
Dru,Shelley,wZ5_qCh|si,dshelleyc7@privacy.gov.au,1 Weeping Birch Pass,14th Floor,GP,97199 CEDEX
Kizzee,Gaukroger,tU0#bzHmkF,kgaukrogerc8@com.com,70 Melvin Center,Apt 1415,PH,5009
Wainwright,Snasel,tH2.?aNIb,wsnaselc9@wiley.com,38 Waxwing Way,,KE,
Der,Stut,"uL3,g""23I",dstutca@home.pl,67833 Rutledge Street,17th Floor,VN,
Aggy,Cromblehome,"cU3$Tr}Y,X$jD",acromblehomecb@usgs.gov,5199 Lotheville Way,,GR,
Vonnie,Elphinstone,fS8{jntV,velphinstonecc@whitehouse.gov,176 Anderson Trail,Suite 80,ID,
Jareb,Agostini,bC7}{OR9ZW}(Ry,jagostinicd@hexun.com,42929 Calypso Street,PO Box 19743,CO,205078
Gertie,Hallet,aQ9!Syn6Uv9VC\,ghalletce@blogspot.com,9 Lakeland Circle,,CN,
Terrel,De Freyne,gE0+hhBa.,tdefreynecf@go.com,5434 Schmedeman Point,Apt 699,SE,116 63
Danette,Puttnam,lX2\J{7Y<}Y$,dputtnamcg@digg.com,53094 Mayer Trail,6th Floor,NL,4809
Karrah,Ambroix,gN9<zJU/,kambroixch@altervista.org,33443 Bayside Court,,BR,13960-000
Kalinda,Henstridge,jL6=xoD?KoK,khenstridgeci@free.fr,19770 Farmco Parkway,,ID,
Thomasina,Larham,iK4$@&w(E5wjLP8T,tlarhamcj@squidoo.com,87340 Mallard Alley,1st Floor,ID,
Philippine,Whenham,zP7%_}fnPVon78k,pwhenhamck@4shared.com,6785 Macpherson Pass,Suite 44,IR,
Maegan,Sturman,uU1_#Kei/&~CG@tP,msturmancl@addthis.com,30 Waubesa Way,,MY,50515
Bartholemy,Tutill,mS8<VdTl%5L53pcK,btutillcm@sogou.com,8 Mcbride Center,,ID,
Julianna,Turvie,qZ2_bl!#_,jturviecn@networksolutions.com,73 Del Sol Junction,PO Box 54257,CN,
Doris,Rye,uS4&ZO3p01,dryeco@telegraph.co.uk,667 Ludington Drive,Room 906,IL,
Melly,Enterlein,sH6@a}N_Wvb<,menterleincp@ed.gov,500 Oak Valley Parkway,Apt 811,RU,633104
Gael,Woodwin,lD4_S2`|2dY<O2,gwoodwincq@google.ru,551 Bluejay Hill,,RU,
Mahala,Wand,fK5/jVHloj\m,mwandcr@auda.org.au,20739 Lotheville Trail,,ID,
Penelope,St. Leger,rD2(\fiLp##,pstlegercs@twitter.com,183 Moose Drive,Suite 90,LT,96047
Fionna,Fairlamb,rX6$B6}mAhkCB,ffairlambct@ibm.com,881 Mockingbird Court,Apt 1649,SY,
Cordell,Swinden,nU1<6f`j\Bo,cswindencu@ocn.ne.jp,56458 Melrose Plaza,,AR,5300
Darice,Hatherley,eB9=d#E<,dhatherleycv@earthlink.net,3 Sugar Terrace,Suite 8,ID,
Barri,Bayston,"yG8""KC@p~<",bbaystoncw@devhub.com,37 Debra Park,Room 1107,PK,83000
Wallace,Vallack,"mI0_""8jRc$oik>",wvallackcx@nbcnews.com,78 Tennessee Circle,,ID,
Anthia,Grane,hA6>b$CQ(c>XY$,agranecy@jalbum.net,90169 Oak Pass,Suite 59,KZ,
Herculie,Caven,hD7.Z6Pexygp0,hcavencz@boston.com,00350 Center Road,,CN,
Lawrence,Matovic,lC0>zGZuH,lmatovicd0@linkedin.com,3462 Jay Lane,14th Floor,CN,
Robbert,Sired,tU0~MV$7S_!8%.,rsiredd1@joomla.org,3 Karstens Road,Suite 80,CO,
Sutton,Ruggier,kP7%L*%c=1A,sruggierd2@delicious.com,77946 Milwaukee Park,9th Floor,CN,
Teodor,Chazier,"mF5!myt""8%aWHQ",tchazierd3@virginia.edu,6112 Fieldstone Hill,Apt 735,AR,3378
Erasmus,Lopes,"dH3""*DY79K+R",elopesd4@1und1.de,36 Haas Terrace,,ID,
Danyelle,Aspenlon,rK4'P9{mXO'.8,daspenlond5@businessinsider.com,7235 Meadow Valley Trail,PO Box 17640,PT,3200-399
Ric,Ubank,nY2*l}Pu(|EZ~wwg,rubankd6@php.net,745 Sommers Plaza,Apt 1558,JP,969-1619
Nicol,Labrenz,cQ2#X!`aoO,nlabrenzd7@bravesites.com,548 Steensland Drive,PO Box 4782,CO,230507
Samara,Danjoie,aG9`Dy9~=,sdanjoied8@com.com,14 Butternut Road,,CO,
Carmen,Stanbridge,cY1%&rk~S#GE_,cstanbridged9@51.la,08 Scoville Place,Suite 45,CN,
Jacquelin,O'Gleasane,rG7<E?5Q,jogleasaneda@gravatar.com,9461 Ridgeview Parkway,PO Box 66598,SI,8331
Cindra,Chrispin,gE3(!Rmbiro*%,cchrispindb@msn.com,820 Toban Lane,Room 1041,RU,612269
Felipa,Rozenbaum,hX3%qC28>N!,frozenbaumdc@google.fr,842 Sage Trail,Suite 84,AL,
Boot,Rabbe,pZ4`jP#Qs\3vN),brabbedd@springer.com,4928 Independence Avenue,,ID,
Conni,Bleiman,"wP2|0??jC*(U!+{,",cbleimande@google.com.au,5287 Tennessee Drive,Suite 50,CN,
Ginger,MacGeffen,iN8|#!m+,gmacgeffendf@wordpress.com,753 Saint Paul Crossing,2nd Floor,CN,
Anton,Eberst,"cJ6,z\Y2Uk",aeberstdg@usgs.gov,71 Russell Center,Apt 344,PH,
Jedd,Henfre,"mI7,`s)$*{BZ",jhenfredh@dmoz.org,2382 Fallview Trail,Room 730,PL,62-660
Camellia,de Clerc,rE1%67BE*,cdeclercdi@tiny.cc,5 Butterfield Road,10th Floor,FR,12020 CEDEX 9
Christen,Strettell,xZ2*#d/n~',cstrettelldj@japanpost.jp,70 Anniversary Point,Suite 24,GH,
Sandor,Spry,mG2_)xOb<,ssprydk@about.com,3113 Quincy Junction,,CN,
Lila,Fishpoole,"fQ8}8{,+Tlyc,V",lfishpooledl@geocities.jp,1 Green Hill,,PE,
Dare,Botterell,eO0/}e!jo.%,dbotterelldm@google.co.uk,80120 Cardinal Crossing,Apt 1140,ID,
Even,D'Errico,tK5+Z\_0ZZYU.1|,ederricodn@ca.gov,7 Northfield Trail,PO Box 66341,TH,94150
Roxanne,Atwater,wM9\Xmdxx,ratwaterdo@gravatar.com,2815 Killdeer Alley,5th Floor,BD,3807
Karia,Crallan,hZ1@gFVAC,kcrallandp@webnode.com,66 Granby Crossing,Room 1429,BR,87390-000
Fulvia,D'Elias,"vT1=qf""Qf\R03",fdeliasdq@forbes.com,103 Holmberg Center,Apt 128,PT,5140-058
Shayna,Dyson,eL2*Y+hpYvzul2,sdysondr@creativecommons.org,15 Westridge Place,Room 879,AR,3712
Phoebe,Drage,"kN3\gYw,",pdrageds@netscape.com,43711 Northridge Street,,UA,
Willi,Wintle,tW0@.t7er,wwintledt@cnn.com,7976 Towne Avenue,Room 362,PH,6117
Viole,Pancoust,yO8/_liWy6hRwr,vpancoustdu@posterous.com,16470 Norway Maple Court,11th Floor,AR,8203
Eb,Laneham,kH9)WW4X8g|A,elanehamdv@globo.com,46 Vernon Alley,5th Floor,CN,
Emmett,McGarahan,pW7/!`PEnDiXL|il,emcgarahandw@soundcloud.com,67 Donald Park,,CN,
Buckie,Gawthorp,dK5@lyxm'E<,bgawthorpdx@slate.com,9 Fallview Terrace,Apt 952,ID,
Celestyna,Hobgen,fF8(=Hn`.,chobgendy@nps.gov,2257 Cody Court,,CN,
Remington,Armer,gY6>bxlQc#$ArCb,rarmerdz@bizjournals.com,19 Ronald Regan Hill,Suite 3,FR,18025 CEDEX
Munroe,Trench,zQ3|vfw9,mtrenche0@sina.com.cn,11 Jackson Point,PO Box 23619,RU,249360
Margot,Cuddihy,zN2\RPCvCI38'>A,mcuddihye1@goodreads.com,540 Comanche Place,18th Floor,CN,
Xylia,Behnen,cN0@kdCV+F=ZM&2,xbehnene2@unicef.org,76 Pine View Junction,8th Floor,ID,
Bonni,Billborough,"mX3,EP@f",bbillboroughe3@boston.com,082 Thierer Park,PO Box 56242,IR,
Andonis,Danielli,iE3}GR8kwy4n,adaniellie4@taobao.com,306 Elka Crossing,,CA,K7R
Brockie,Taffrey,vD4?2HFIx@&,btaffreye5@google.nl,7 Hanover Junction,,SE,507 33
Garnet,Woodroof,oK2.UxGIE!$/x92,gwoodroofe6@alibaba.com,9002 Logan Point,,RS,
Dinah,Kay,"aE1,+1+Ob",dkaye7@alibaba.com,4 Transport Street,,BG,6165
Stan,Brabbs,vJ3%D=wRCI,sbrabbse8@cloudflare.com,1 Debra Drive,,PL,73-140
Phyllys,Cheese,"cY6""~RzwFBI",pcheesee9@dmoz.org,2 Jackson Crossing,Suite 41,PK,76330
Cheryl,Beadon,zX3`t6idBV%G`d<,cbeadonea@flickr.com,1316 Warrior Terrace,14th Floor,TZ,
Laurens,Pywell,"hB6,U&9?X!(I",lpywelleb@multiply.com,3 South Place,Room 418,CZ,690 02
Sabine,Shore,qG1'Hz/RVuyDs*,sshoreec@vinaora.com,47 Huxley Place,PO Box 5984,ID,
Rollo,Swadden,"rH6,g7ZR",rswaddened@tmall.com,7867 Nova Hill,,HN,
Alejandrina,Seiler,dD3+8<5d7juM1,aseileree@shutterfly.com,382 Dennis Pass,Room 322,JO,
Leanora,Klemmt,"cQ1()}QzD434Q9,9",lklemmtef@istockphoto.com,79 Claremont Court,,FR,68309 CEDEX
Nicolette,Bellinger,iC7!J#$YfG2,nbellingereg@wired.com,3182 North Alley,,BR,95000-000
Alysa,Oglevie,jC4)BLmgGb4}Q,aoglevieeh@ftc.gov,3 Old Shore Alley,,ID,
Donal,Ginni,vL9+mC}7,dginniei@chronoengine.com,10 American Ash Road,PO Box 56379,ID,
Walther,Veelers,"iQ2)vpCS""",wveelersej@msn.com,6 Fulton Hill,PO Box 76151,BR,59500-000
Sheena,Capel,zN3@MmqkH#YT',scapelek@shareasale.com,91 Summit Parkway,Apt 754,CN,
Aurelia,Scurman,lN6'7ZkzD,ascurmanel@mediafire.com,825 Novick Place,9th Floor,BG,2630
Arch,Dellow,rT3.8!!vF{,adellowem@ca.gov,9 Thierer Court,,KR,
Blancha,Vallender,zK6!B6mq.%1.90,bvallenderen@springer.com,29919 Heath Court,,CN,
David,Punton,eE6+l==kCY,dpuntoneo@linkedin.com,130 Jenna Circle,,SI,1241
Minette,Cisneros,kE0(.nUOn}Ik,mcisnerosep@bravesites.com,660 Sauthoff Junction,Apt 1654,FI,57810
Michal,Dockerty,aC9(XHxG|nzmU~V,mdockertyeq@nsw.gov.au,512 Westerfield Trail,Suite 42,PA,
Bourke,Rickesies,yT0#s|4\3,brickesieser@reuters.com,66952 Pine View Trail,PO Box 93375,CN,
Liane,Sanpere,xO9)z}M'RsbL%Cob,lsanperees@psu.edu,520 Melvin Park,Room 929,CN,
Lorie,Weich,"hQ1{Z15(""4q,!C_d",lweichet@msn.com,074 Eastlawn Hill,Apt 1577,CN,
Allis,Hubbucks,qU8\{A4oi'nsrkde,ahubbuckseu@dailymotion.com,655 Arizona Terrace,Room 966,NO,0216
Bab,Wilkisson,"hT1""f+#7D9!=c",bwilkissonev@epa.gov,10266 Golf View Avenue,,CD,
Ninette,Blazhevich,xA2`}_wroC_Y,nblazhevichew@theatlantic.com,6 Beilfuss Junction,Suite 5,ID,
Gavra,Cridland,lR9/|XIX'(>),gcridlandex@java.com,19 American Alley,,CN,
Dunstan,Suerz,qS2}*hxk_)c2,dsuerzey@house.gov,726 Moose Pass,PO Box 67235,BR,58255-000
Cortney,Aberdalgy,oP3@<\<7rWf_D14A,caberdalgyez@wikimedia.org,00510 Nova Parkway,Suite 93,RU,249849
Fayina,Noone,"tR4,/G>9#\'",fnoonef0@gov.uk,66 Monica Road,Apt 24,PE,
Wolfy,Antyshev,xP7~'1/mzs,wantyshevf1@github.io,3 Spaight Terrace,,CR,40602
Jaclyn,Frankland,bY3|$2Eid,jfranklandf2@seattletimes.com,077 Hintze Alley,Apt 507,CN,
Linda,Peasgood,jY3%zg7y,lpeasgoodf3@mlb.com,895 Vera Way,,GB,G4
Tanya,Truin,"mY5_2(c9""Y2X9",ttruinf4@bravesites.com,894 Bobwhite Lane,,AF,
Holly-anne,Storrah,uW2'+q19x,hstorrahf5@amazon.co.jp,26 Walton Lane,6th Floor,TH,77120
Rosamond,Rafe,mG2_K=pN39g.Ml,rrafef6@360.cn,5505 Corry Lane,17th Floor,AF,
Broderick,Martynikhin,qK1`4'FIO,bmartynikhinf7@apache.org,2625 Green Ridge Alley,Suite 50,GT,17004
Dalila,Varsey,rB1*Jfw5t&*<,dvarseyf8@arizona.edu,69725 Bluejay Hill,,EE,
Ruthann,Tiller,yU8~Cd33m\?V$sKf,rtillerf9@newsvine.com,2 Knutson Lane,Room 1479,JP,789-0250
Halsey,Varcoe,"oK0~4)aPpW""t?8~<",hvarcoefa@constantcontact.com,3 Eagan Place,Apt 1648,GR,
Ben,Ashton,mD8/2CoZjDa_?F,bashtonfb@clickbank.net,98939 Golf Place,,RU,368033
Gaile,Raymond,fI7)sO}c=O,graymondfc@ehow.com,203 Sunfield Alley,Apt 838,SE,
Niki,Alyoshin,zC0(t`#}U0>7MTV@,nalyoshinfd@businessinsider.com,59242 Anthes Circle,Apt 233,FR,33394 CEDEX
Jenica,Wardrope,lM8)}Q1dqUf,jwardropefe@360.cn,68 Prairieview Drive,,BY,
Normand,Druce,"iR9?z*b""{vqRpTB",ndruceff@google.fr,8322 Oakridge Circle,Apt 1577,RU,142817
Morie,Attwool,jM2{Q7l}@}},mattwoolfg@parallels.com,163 High Crossing Lane,Suite 85,CA,N7V
Cloe,Selland,jJ3+cQwBlA,csellandfh@google.fr,60 Rowland Terrace,Room 814,CN,
Seymour,Bru,jZ0*q/gy<WZK6=S&,sbrufi@printfriendly.com,3 Fuller Alley,PO Box 80634,RS,
Chelsey,Bulluck,"rU3?xsYFJ?pW/IK""",cbulluckfj@engadget.com,3154 Crescent Oaks Center,Room 1682,VE,
Merv,Newlands,"oQ8'8BO,ZIWWYz9",mnewlandsfk@github.io,2515 Claremont Crossing,Apt 1604,PH,
Horatio,Wiper,gU4<3w@gr6mPBm~,hwiperfl@elegantthemes.com,6824 Independence Crossing,,ZW,
Errick,Snawden,wT0%dQM.F*,esnawdenfm@bbc.co.uk,16416 Susan Pass,,CN,
Joshia,Millan,iF8!Yg&Y=sy57,jmillanfn@csmonitor.com,6 Carey Plaza,Suite 52,FR,88204 CEDEX
Oralla,Sherborne,wJ8?aC/=U\`}54,osherbornefo@imgur.com,740 Algoma Street,PO Box 54114,MN,
Devonna,Shewring,hF0#KaBXI!|C,dshewringfp@admin.ch,516 Homewood Street,,SY,
Dorrie,Lindstedt,vY3_o`B*0=5T/V,dlindstedtfq@is.gd,54 Beilfuss Crossing,,CN,
Nissie,Hevey,qV8?Bgs\9EEG<A%,nheveyfr@state.gov,557 Canary Street,20th Floor,ID,
Suzann,Aizkovitch,cU0@OUp4I,saizkovitchfs@hud.gov,62 Bultman Street,,PT,5155-655
Annis,Extance,dM5)&roW?F,aextanceft@wufoo.com,986 Boyd Trail,3rd Floor,AO,
Bret,Strotone,qH3?+LFh,bstrotonefu@over-blog.com,23263 Fairview Street,Suite 28,CZ,739 25
Benn,Schwandermann,lH7~+/B`xm,bschwandermannfv@jimdo.com,665 Larry Point,,FI,69101
Brennen,Capineer,zL0#|lvtqx,bcapineerfw@digg.com,1 Fieldstone Street,Room 806,ID,
Ketty,Petticrew,rJ0_k1>l!PfV)zh4,kpetticrewfx@mapquest.com,478 Rutledge Center,,YE,
Oliver,Derkes,lV0).fbfr&F?pVG,oderkesfy@canalblog.com,090 Hudson Park,Suite 20,CN,
Cary,Handy,"aK4%M+osh,",chandyfz@furl.net,38455 Myrtle Hill,,GR,
Bearnard,Baudinot,rT7%%?mU$0HFz,bbaudinotg0@tinypic.com,834 Farwell Drive,14th Floor,FI,
Gilbertina,Gartsyde,jB4$JLw|&P`ea>+y,ggartsydeg1@sohu.com,4 Holy Cross Trail,7th Floor,IL,
Che,Stowe,"uR9_w'""!!K",cstoweg2@cdbaby.com,5505 Fisk Court,,GB,RH5
Dwight,Sturges,"zG5""B!d/?5vo",dsturgesg3@scientificamerican.com,76609 Dovetail Street,,CN,
Margaux,Clint,kC7%XQsq3Z,mclintg4@intel.com,50866 Darwin Parkway,,PL,32-200
Nancy,Caps,nS4$DQ=wB!J$~v.&,ncapsg5@is.gd,262 Scoville Center,12th Floor,CN,
Cathe,Marples,rP5<%oBo?.@r,cmarplesg6@1und1.de,42 American Ash Trail,,CN,
Brier,McGroarty,kS2'rwFE,bmcgroartyg7@home.pl,82 Charing Cross Point,,MK,1225
Gunther,Filchagin,wG8>)*P3G7xgUJ,gfilchaging8@studiopress.com,6 Sachtjen Trail,Suite 19,DJ,
Gussie,Candy,mI1&~_j9b/,gcandyg9@unblog.fr,2416 Golf View Way,Room 1737,PH,1711
Hope,Ganing,mB3=R7TbT$q,hganingga@unicef.org,8467 Buhler Circle,Room 1074,IQ,
Dredi,Varney,"wV6#)Ro#,(",dvarneygb@fema.gov,60758 Arapahoe Plaza,,PH,6801
Barny,Griswood,bL0{6Ob),bgriswoodgc@g.co,15 Bluestem Drive,,PL,59-623
Florence,Osmant,"wU9##$i"")5",fosmantgd@wikimedia.org,908 Knutson Parkway,Apt 1734,TZ,
Terra,Rosten,"sG9""eDqO>",trostenge@nature.com,552 Vera Drive,Suite 50,KE,
Catherina,Cullingworth,eS3*IR7f$&3,ccullingworthgf@wix.com,48 Mendota Park,,BW,
Creighton,Winton,yA3%.u<tw,cwintongg@alexa.com,637 Granby Avenue,Suite 3,ID,
Evangelin,Naughton,xJ3%xxzDD6}n,enaughtongh@so-net.ne.jp,285 Pennsylvania Trail,PO Box 40289,BR,49517-000
Timi,Grigaut,"vF3""o#>!pJ",tgrigautgi@nsw.gov.au,0889 Sheridan Drive,,CN,
Dougy,Ledgley,mB9~wrhJ\XKC0A3,dledgleygj@amazon.de,7869 Dryden Alley,,ID,
Bradan,Syder,cW4<f0Bwu,bsydergk@buzzfeed.com,178 Linden Park,,HN,
Wang,Winterflood,wE5!yt{/OFpB)tm,wwinterfloodgl@cisco.com,729 Fallview Way,Suite 69,CM,
Tammy,Drinkhall,kK5!6egh5fXwb=,tdrinkhallgm@msn.com,96655 Washington Point,Apt 1467,CN,
Forrest,Basterfield,kN0@m2n4E=PNV<,fbasterfieldgn@nih.gov,964 Caliangt Circle,PO Box 24233,NZ,7940
Micaela,Wharby,"yZ8*z~~,vx",mwharbygo@alexa.com,926 Scofield Pass,,US,85743
Keir,Nodin,mA7/EVJeI,knodingp@ucoz.com,626 Barnett Crossing,Suite 99,IR,
Denver,Helwig,hJ6$AVTzZ,dhelwiggq@latimes.com,7 Thierer Road,11th Floor,PL,32-546
Sergeant,Hagart,gF3'`fkV*q,shagartgr@uiuc.edu,1323 Sachs Way,PO Box 91927,PA,
Tremain,Pickersgill,eB0$~5c>HBa69r5,tpickersgillgs@cdbaby.com,84167 Barnett Way,Suite 3,SY,
Dotty,Riches,iF5_DpR8&9,drichesgt@amazon.de,4 Elgar Way,13th Floor,CN,
Padget,Fass,fI2`|$`jC,pfassgu@biglobe.ne.jp,10067 Brown Avenue,,CN,
Mada,Beckensall,oQ5?20Qx\De(w2Kv,mbeckensallgv@mapy.cz,3126 Jenna Point,,LK,12500
Caresse,Dannell,gI7<g=Dnqaj,cdannellgw@mit.edu,2239 Erie Avenue,,CN,
Salaidh,Steventon,lF1}Oyk\6b,ssteventongx@twitpic.com,75 Butternut Terrace,,CN,
Fairleigh,Gavigan,bL2~9`sP~}#3,fgavigangy@list-manage.com,2946 Burning Wood Junction,PO Box 50389,ID,
Dieter,MacCard,"sW7'1nx6{z@,,.",dmaccardgz@whitehouse.gov,892 Hanson Lane,PO Box 65518,CN,
Benita,Labadini,"mS8@wN<vdfgy,U",blabadinih0@imageshack.us,7 Hazelcrest Plaza,PO Box 98554,PK,51841
Augy,Wayon,iF8{t9y7,awayonh1@psu.edu,1 Riverside Park,,ID,
Angelina,Elliot,iW3~'vS.>wg2DT,aellioth2@symantec.com,1 Rusk Pass,,CN,
Nikolaos,Thiolier,vZ4!e>95WB,nthiolierh3@washingtonpost.com,74278 Homewood Alley,Room 1778,CN,
Franklyn,Spurway,dY5*mu1Fr$NX%3,fspurwayh4@fda.gov,9 Lukken Street,7th Floor,CN,
Lari,Sempill,dW5)!)sOXS5',lsempillh5@disqus.com,209 Scott Trail,Apt 7,PL,05-280
Luciana,Hawick,tS0|GwNwzY,lhawickh6@kickstarter.com,52 Walton Lane,Suite 68,RU,629405
Kalinda,Trewartha,pN3@CX7SYK,ktrewarthah7@last.fm,8 Arkansas Alley,Room 691,ID,
Kliment,Plet,lK3_~)AIlD,kpleth8@shinystat.com,5625 Tennyson Circle,,MA,
Syman,Ollerearnshaw,mX5$U.Zjff,sollerearnshawh9@odnoklassniki.ru,127 Morrow Court,Room 1001,CN,
Arabella,Siward,"qS0\b6`y?<9,|Y5>",asiwardha@google.com,6412 Lakewood Way,2nd Floor,CN,
Jemima,Rendle,wL1!QH83~,jrendlehb@blogger.com,47 Little Fleur Point,,ET,
Shawna,Teresa,gV6\1H'xhL=E\(,steresahc@tuttocitta.it,1064 Corben Alley,Room 1893,UG,
Fernanda,Darrel,oX7`/(Fg,fdarrelhd@whitehouse.gov,944 Fordem Alley,Apt 1512,SN,
Jessica,Zanolli,zG5#r{#36/ZRX)D,jzanollihe@adobe.com,71504 Shasta Street,Suite 84,NG,
Madelyn,Geoghegan,dB5}.py%aL#L,mgeogheganhf@statcounter.com,2902 Old Gate Hill,Suite 96,PH,1116
Donaugh,Butson,"gN5|f7y`+yb{|""",dbutsonhg@topsy.com,4 Boyd Pass,Room 1937,NL,8924
Lezlie,Davys,zG4&ygRDf@,ldavyshh@feedburner.com,8680 Kensington Lane,,ID,
Katharyn,Blowick,jW3.U%6qm,kblowickhi@elegantthemes.com,0 Lawn Lane,Suite 14,ID,
Anabella,Josefson,sH1=SKCW$JJv,ajosefsonhj@ezinearticles.com,0 Lawn Hill,Room 1326,RS,
Carol,Molineux,jH9+DX>InD,cmolineuxhk@skype.com,566 Farmco Road,,FR,54304 CEDEX
Faun,Nother,wQ0=%=1\?RgSZ,fnotherhl@yandex.ru,42 Upham Road,,CY,
Revkah,Ciccone,hZ0~q=>t$Vp/a,rcicconehm@wordpress.org,713 7th Terrace,,VU,
Amye,Alywen,"yX7,6@.wGZMy&#3",aalywenhn@skyrock.com,348 Novick Drive,Apt 184,TH,27120
Freddy,Fridlington,nD2>*q?75Ib,ffridlingtonho@theatlantic.com,1141 Shoshone Place,,CN,
Kathie,Malcolm,uD5+h|=KO.LhT,kmalcolmhp@homestead.com,36 Gulseth Court,PO Box 5178,FI,38601
Shane,Flack,pF2=AiU2,sflackhq@mapy.cz,8812 Homewood Lane,PO Box 26666,PL,05-604
Duke,Cuthill,dF2='@gkxYo,dcuthillhr@ovh.net,571 New Castle Place,3rd Floor,CZ,592 55
Warde,Shimuk,iH4&'xNS\L,wshimukhs@usatoday.com,26 Schmedeman Terrace,Apt 1151,NA,
Sandor,Nelhams,"nI9!@os&M_}3,jt",snelhamsht@mail.ru,878 Mandrake Trail,PO Box 21096,PT,4970-585
Charo,Jillins,qO4+1(1#&&5'V,cjillinshu@nationalgeographic.com,72 Mcguire Center,Suite 18,UA,
Codie,Swinnerton,"hQ7'""dq{N9i=T2vz",cswinnertonhv@si.edu,8737 Lawn Parkway,Apt 1974,CN,
Beale,Hartopp,eW7<DykRoSAwB,bhartopphw@so-net.ne.jp,6947 Meadow Valley Center,15th Floor,CN,
Berny,Smallridge,"lY0_Qt}U,\wr&Z",bsmallridgehx@hubpages.com,9332 Rockefeller Park,Suite 74,ID,
Norri,Liggens,"eM4`x{!#a,@y,7WS",nliggenshy@smh.com.au,4241 Green Plaza,Room 1525,VN,
Hollyanne,Marjanski,cW2/wP|u@1w`@#>,hmarjanskihz@reference.com,9 Havey Alley,Apt 1950,RU,164200
Siegfried,Zemler,vO6}HQRJr6MD&A,szemleri0@twitpic.com,19 Superior Trail,,CN,
Row,Flude,uR8{IKWhuk>wV~=@,rfludei1@merriam-webster.com,39 Mosinee Lane,,UA,
Burk,Fawdery,fM9~gWkef,bfawderyi2@eventbrite.com,07 Doe Crossing Plaza,4th Floor,ID,
Willdon,Beynkn,hY3&(0VM1f?6Qee0,wbeynkni3@jimdo.com,94 Talmadge Center,Room 1743,MN,
Brittni,Langdon,mN9@Y2eR0,blangdoni4@t.co,650 Mallard Circle,PO Box 66939,BR,14160-000
Fallon,Chimenti,eC5#`ek3+,fchimentii5@sphinn.com,285 Mifflin Terrace,,EE,
Ellswerth,Jezard,aQ1$E#5~jOM*K{,ejezardi6@cisco.com,90113 Sunbrook Junction,PO Box 65552,DE,86156
Coleman,Dankersley,"fH3$B9Y+O>9,.<2",cdankersleyi7@rakuten.co.jp,2792 Victoria Plaza,5th Floor,FR,75345 CEDEX 07
Philipa,Carde,tB0}Ojv|5M)mp,pcardei8@cnet.com,89 Thompson Park,PO Box 24809,KZ,
Consuela,Putley,tD8_busUI,cputleyi9@dropbox.com,6 Grim Hill,,US,95813
Levon,Chisman,tR6\?<W$anQ2Y,lchismania@clickbank.net,5 Village Green Center,Suite 33,CN,
Shauna,Elsay,dU9%pO\!,selsayib@csmonitor.com,60286 Mifflin Alley,Apt 1717,BR,48330-000
Bev,Hubble,rR4`3dBD,bhubbleic@webnode.com,3 Canary Terrace,Apt 1544,PK,40011
Olivier,Murkitt,"bA1(*Xvb""Q>|+5",omurkittid@newyorker.com,88429 Veith Center,PO Box 61320,HN,
Vanni,Rutt,wE5+W|R$+h3qRY,vruttie@tamu.edu,9313 Clarendon Drive,Suite 92,RU,
Katrinka,Picardo,fS0%d3uMo,kpicardoif@sourceforge.net,97393 Nevada Hill,PO Box 54835,BY,
Law,Dellenbrook,"mC6,dLwl1Xzj6UX",ldellenbrookig@hexun.com,33 Marcy Plaza,Suite 15,PH,3129
Thorvald,Winckworth,yB1!?z$2qQeeHU5W,twinckworthih@msu.edu,911 Moulton Crossing,PO Box 60038,CN,
Sonny,Melato,kF6>t56M&>,smelatoii@fastcompany.com,9225 Brown Point,5th Floor,CN,
Kathrine,Muncer,zE6&!q)i'Mqzb,kmuncerij@wisc.edu,8709 Oxford Park,Suite 58,ID,
Baryram,Surgood,eC5=UJXM|C.,bsurgoodik@google.com.br,6 Vera Lane,1st Floor,GB,GU32
Tessy,Baynham,jL1'tm5P5,tbaynhamil@t-online.de,7394 Steensland Alley,PO Box 36337,ID,
Mannie,Peres,"uY7""L""#.,>8|$",mperesim@acquirethisname.com,30 Warner Avenue,Suite 24,CN,
Nani,Pauler,"eJ1.Ny&2xKbj,?Ov",npaulerin@spiegel.de,6 Jenna Alley,,BR,18800-000
Sylvan,Kumaar,"dU1_<P?6Nu=)""3LX",skumaario@goo.ne.jp,60130 Holy Cross Pass,,ID,
Reba,L'Archer,"jO8,B6sIl*",rlarcherip@disqus.com,8698 Monument Street,Suite 67,ID,
Link,Whye,sR2`mlondnDp,lwhyeiq@1688.com,69 Esch Pass,PO Box 35232,PL,38-324
Daffy,Scarlan,gL1/}S2R{GL'z,dscarlanir@fda.gov,1 Longview Lane,Apt 98,CN,
Bobbi,Jumont,oT4~+NQ`jn/3O){,bjumontis@thetimes.co.uk,6 Westerfield Junction,PO Box 20939,BJ,
Saxe,Kittles,cN2#xmmc,skittlesit@jimdo.com,6247 Lukken Circle,Suite 22,PH,5417
Ramsay,Triggle,lM3|MRT+,rtriggleiu@smugmug.com,46 Declaration Point,Apt 787,BR,13650-000
Devi,Scrauniage,"qT0*DTT,i4c*$pQ",dscrauniageiv@indiegogo.com,3 Saint Paul Point,PO Box 1849,JP,203-0044
Robers,Carnilian,"mY4$""k&F",rcarnilianiw@goo.gl,575 Spenser Drive,Suite 34,CN,
Ilse,Lidgett,lK4}Ky=xj!,ilidgettix@ameblo.jp,41 Dunning Avenue,Suite 19,PT,2630-224
Layton,Kubica,"zS1*M,|Y",lkubicaiy@devhub.com,9 Lunder Circle,Room 1259,CN,
Lynette,Redit,mI6=2?DF1lT,lreditiz@shinystat.com,37563 Hudson Place,3rd Floor,PE,
Lyon,Hymans,yB4|dDpp*D,lhymansj0@merriam-webster.com,6131 Katie Alley,PO Box 49991,GR,
Luisa,Cavalier,dJ5=~Zm({,lcavalierj1@cyberchimps.com,9208 Moland Way,Suite 53,PL,58-564
Dudley,Chicco,eF6.C%1Bz3,dchiccoj2@naver.com,6 Hermina Street,Apt 590,SE,262 34
Padraig,Dane,"tJ3.,54{wdJ~4{",pdanej3@marketwatch.com,035 Mesta Point,,RU,249716
Ad,Brennan,hL5<Qv~'=(9*'g,abrennanj4@infoseek.co.jp,2568 Grim Pass,Room 1958,RU,443099
Devon,Stedall,"kL6@jGbfQU""X3`p",dstedallj5@mlb.com,3206 Katie Court,PO Box 95024,PH,3702
Corinne,Stive,nK2(C+?>,cstivej6@archive.org,720 Manufacturers Terrace,Suite 53,DO,10405
Agathe,Bes,"yZ5>gkvw+av,hV",abesj7@washingtonpost.com,55 Westridge Terrace,Room 735,TH,31110
Diarmid,Kippling,"cC1~V=ko,O~o&JPk",dkipplingj8@netscape.com,64497 Marcy Drive,,CN,
Drew,Adelsberg,jS1}KcUs,dadelsbergj9@prnewswire.com,16972 Forest Run Terrace,Room 1678,FR,69424 CEDEX 03
Elfie,Coste,zF5}TY4c),ecosteja@home.pl,822 Larry Center,Suite 61,RU,443099
Amalia,Hyam,hZ9}QLkdr~\s+,ahyamjb@github.io,3669 Oriole Trail,PO Box 6974,ID,
Sally,Kleinerman,aS4'T07nk*O,skleinermanjc@deviantart.com,3 Alpine Trail,Apt 499,CN,
Adriano,Sprosson,mA3\`+~r7+,asprossonjd@exblog.jp,92896 Paget Terrace,Room 1458,NZ,2113
Larina,Cucinotta,"mV4,T)tRR",lcucinottaje@cpanel.net,705 Barby Street,Room 596,CN,
Ronald,O'Dyvoie,vC9<{TS05W,rodyvoiejf@goo.gl,42 3rd Plaza,15th Floor,RU,357838
Ronnie,Mayhou,rY4/vag=_L,rmayhoujg@flavors.me,52 Fieldstone Circle,,RU,368540
Whitaker,Indgs,tR1`p}tn<,windgsjh@smh.com.au,24734 Victoria Hill,Apt 857,PT,4770-565
Larisa,Scawton,kY6~K\.riVF,lscawtonji@paginegialle.it,9 Northwestern Drive,Suite 94,PT,3400-498
Baxy,Wynn,fS3*<UU>#,bwynnjj@bizjournals.com,0136 Vidon Pass,Apt 275,CN,
Axel,Delacroix,mW3&@8W=,adelacroixjk@miitbeian.gov.cn,842 Cardinal Lane,,SE,936 81
Devland,Heakey,dJ7%e\e6,dheakeyjl@canalblog.com,71915 Troy Parkway,Apt 321,CN,
Rafe,Assur,kL0<kS6(zZriU?,rassurjm@bluehost.com,060 Eagle Crest Way,,CN,
Stevena,Hiscoke,jA6`e}rtN/T,shiscokejn@istockphoto.com,1436 Lindbergh Place,Apt 1898,JP,959-1748
Bartholemy,Yuranovev,pY2/VnY1ioei,byuranovevjo@java.com,2277 Memorial Circle,Room 961,FR,72304 CEDEX
Sibilla,Kaes,vX9=YbO'OSO7DgR,skaesjp@archive.org,4 Hovde Park,,SE,703 64
Kayla,Fairrie,"yK2$Hso*w""E",kfairriejq@seesaa.net,328 Grasskamp Center,,US,10150
Bertram,Reuven,bP5&hBync1,breuvenjr@yellowbook.com,8 Jackson Lane,Suite 50,FR,94009 CEDEX
Kerrill,De Bellis,lG5`&HJ),kdebellisjs@moonfruit.com,4721 Southridge Lane,PO Box 18291,ID,
Selena,Charker,"aG8+|YU,""<i|=GE",scharkerjt@yelp.com,2769 Sommers Center,,GR,
Myrtle,Milson,vL9\vlyr*b4j'l&,mmilsonju@xinhuanet.com,84 Huxley Circle,Room 1298,ID,
Myrah,Grubbe,"yK2@hrX*0\*,G",mgrubbejv@ow.ly,412 Fuller Alley,Room 1164,BR,99730-000
Adiana,Waine,pR4'%du=@60,awainejw@instagram.com,7 Forest Dale Point,PO Box 27544,BR,36420-000
Wally,Ughelli,nN9/0ZAJWK?u,wughellijx@wiley.com,698 Arrowood Drive,Suite 10,NG,
Kassia,Ortells,"jY3?M$(,.*_y",kortellsjy@is.gd,0 Crowley Hill,11th Floor,PL,17-102
Beauregard,Brewis,qH0=Bs<O4e{zj,bbrewisjz@baidu.com,8419 Mitchell Circle,Apt 261,RU,403538
Daisie,Pollicote,yF6(hH&uVF,dpollicotek0@usnews.com,61506 Merchant Lane,8th Floor,PH,4005
Dru,Masham,eH8{<myfqM0,dmashamk1@kickstarter.com,7450 Lunder Alley,PO Box 71796,ID,
Mar,Ruddin,"tQ7`1M,f=J&kMRSF",mruddink2@loc.gov,3 Anderson Hill,,IQ,
Jarvis,Pridding,qH6%o|U{R+mh3>,jpriddingk3@washingtonpost.com,1 Division Terrace,,AR,3534
Bernard,Tetla,yV2#!)g}am!W,btetlak4@altervista.org,79753 4th Street,Suite 83,FR,75326 CEDEX 07
Anatole,Giacoboni,qS2>|)zy,agiacobonik5@arizona.edu,54049 Spenser Hill,PO Box 16958,RU,694030
Franky,Hendrich,"xO6,#},FY_N@I!@b",fhendrichk6@reference.com,9437 Waxwing Drive,PO Box 26679,VE,
Chantal,Cunnow,"nE2`EFw5R,B!|q",ccunnowk7@reuters.com,38301 Fuller Terrace,PO Box 69306,YE,
Hildy,Bricham,eI0'J_~M~NU@ikAk,hbrichamk8@huffingtonpost.com,1988 American Drive,15th Floor,PH,5004
Robbie,Dallin,pP7}9{HL,rdallink9@last.fm,7309 Straubel Point,Apt 1437,RU,188910
North,Beaudry,zL3*fVS6G`*w&,nbeaudryka@bbb.org,1 Farragut Circle,,CN,
Inessa,Gomersal,nS2+u&${`$S,igomersalkb@upenn.edu,2 Norway Maple Pass,Suite 62,ID,
Putnem,Yesichev,pI4+m.clti,pyesichevkc@discuz.net,904 Steensland Pass,PO Box 65923,CZ,387 73
Hughie,Flowerden,"sX6~jNh9R""i",hflowerdenkd@live.com,03 Reindahl Hill,Apt 417,ID,
Malvin,Blondel,oK7%0I/avUwy,mblondelke@ning.com,7507 Hoffman Alley,Apt 1624,PL,89-530
Thorvald,Archambault,pA6!8{(JI,tarchambaultkf@trellian.com,491 Westridge Way,Suite 65,MR,
Ephrayim,Rudham,qY7>H|#n7,erudhamkg@aboutads.info,816 High Crossing Crossing,Apt 1981,RU,346930
Inglebert,Greville,iZ5*$_9.\W,igrevillekh@mlb.com,4796 Pine View Park,Suite 96,CN,
Sterne,Dunton,tD5\/gCw#C,sduntonki@auda.org.au,261 Hovde Circle,2nd Floor,MX,30414
Whitaker,Rainton,lC9+|Rba%IFl$,wraintonkj@stanford.edu,7076 Monument Drive,Room 787,NG,
Goldina,Physic,pQ1~G}p4,gphysickk@parallels.com,50 Norway Maple Alley,Apt 906,RU,668134
Camel,McClary,fQ9.9UQ',cmcclarykl@wikia.com,218 Scofield Avenue,,CA,T1L
Dael,Dibner,gI6>ieqaAEkhc>,ddibnerkm@ihg.com,9730 Lotheville Parkway,PO Box 31488,CD,
Thibaud,Docwra,"pI8<5$#E`""ea",tdocwrakn@yandex.ru,729 Union Way,,TH,50000
Wittie,Challiner,sB7>qyj=,wchallinerko@adobe.com,268 Hoepker Junction,20th Floor,ID,
Lionello,Fonteyne,zK0@=E)GFDM{ZAg,lfonteynekp@cornell.edu,85522 Nova Court,17th Floor,ID,
Nealy,Hobden,fN6@4.@~WPd)ro,nhobdenkq@bbc.co.uk,15 Old Gate Crossing,,GR,
Cyndia,Durram,xT4(p>6XY>|,cdurramkr@mlb.com,62995 Northfield Avenue,,CN,
Karita,Pirrey,fZ8<3*/ET{N+@5M,kpirreyks@sphinn.com,3910 Troy Crossing,18th Floor,CN,
Jacynth,Wegman,dM3%E!'fW~$1!c,jwegmankt@furl.net,07 Eggendart Road,,TH,46150
Terra,Feore,sP4<gX1TV2,tfeoreku@t.co,44 Donald Circle,PO Box 16723,GT,12001
Dynah,Guitton,"wR3""u0XND(vN*z",dguittonkv@washington.edu,18687 Orin Parkway,Apt 1338,TH,65140
Rochette,Dartnell,oO2)ffoMD{'wY,rdartnellkw@hibu.com,99 Russell Court,Room 908,JP,988-0413
Lemuel,Pluvier,kM8'><f1<U,lpluvierkx@mlb.com,53603 Bowman Crossing,Room 395,SY,
Benedetta,Bollam,gC0/L`D\/s{r,bbollamky@slashdot.org,8086 Thierer Parkway,,CU,
Stefano,Herche,qM7`Fyey_,sherchekz@networkadvertising.org,445 Gateway Junction,,CN,
Liane,Dring,xE3)H$vP)52nci,ldringl0@usa.gov,0619 Summer Ridge Terrace,,RU,394961
Leighton,O'Kinedy,iH0(p%G&,lokinedyl1@odnoklassniki.ru,272 Steensland Alley,,CR,20101
Miguela,Lancashire,"sB6,&o>sF&",mlancashirel2@elegantthemes.com,084 Russell Junction,7th Floor,PK,80501
Hoebart,Harby,"gR4<w8""|*",hharbyl3@dot.gov,58324 John Wall Point,Suite 21,MX,73795
Vernice,Clayson,eI9<.c}8BJcS2y&&,vclaysonl4@creativecommons.org,6 Wayridge Point,Suite 76,CN,
Earlie,Grayer,oH3)>Y4MmHG_,egrayerl5@google.ru,9 Gina Plaza,,CN,
Candis,Tinsey,iC3?\e|m{n',ctinseyl6@nba.com,26952 Mockingbird Alley,,CN,
Johnathon,Stangroom,bA9='Rg$d,jstangrooml7@jigsy.com,692 Bellgrove Crossing,Suite 29,CM,
Allyce,Ferron,rL5*./U)dX/N,aferronl8@desdev.cn,24 Fisk Trail,Room 1392,PL,
Jethro,Bazire,iX1*nv>!WPpp8u,jbazirel9@ehow.com,65 La Follette Trail,Room 1992,NL,6904
Gilberto,Bourchier,tC2?l`qXEC!)>,gbourchierla@jugem.jp,042 Sachtjen Circle,PO Box 12555,RU,181410
Melinda,Savell,pF2+Lkzbt)BNzA/},msavelllb@youku.com,76793 Northland Hill,,VN,
Gillan,Ings,"uI0+3,l@D",gingslc@google.co.jp,87 Garrison Junction,Room 1729,CN,
Zackariah,Grafham,tD7`SciO|$A}EN&x,zgrafhamld@usda.gov,55175 Holmberg Point,5th Floor,ID,
Beryle,Parysiak,iV7=0NV_xH`By+o,bparysiakle@smugmug.com,50255 Briar Crest Place,Room 409,MX,93995
Hermie,Hazelgreave,"xG0?FnPp+OW""@i9",hhazelgreavelf@people.com.cn,2 Dennis Court,Apt 364,CN,
Persis,Darke,vM5+cX/*\DR4,pdarkelg@constantcontact.com,10808 Shopko Pass,3rd Floor,IR,
Crystie,Branchflower,"fP6/1"".$n`,lD0",cbranchflowerlh@google.ru,0565 Carioca Lane,Apt 641,NG,
Lynelle,Skoof,zL5?(s!r>?&kK,lskoofli@mtv.com,45088 1st Parkway,,SE,127 86
Kayley,Boylan,dO3>`7(E6hX9!R,kboylanlj@qq.com,66109 Bowman Street,Suite 40,PH,2428
Bent,Edmondson,zU6%g+)SCeY2irG,bedmondsonlk@intel.com,2 Carpenter Parkway,,CN,
Marylinda,Wayte,sW0@qWjX9G$Vr+$),mwaytell@csmonitor.com,8 Schurz Parkway,Suite 12,FR,95251 CEDEX
Hildagarde,Blanc,bF0)9{p&_i,hblanclm@topsy.com,69550 Anderson Street,Apt 283,UA,
Modestine,Burdekin,"xI9+Qf*D""|ty",mburdekinln@instagram.com,386 Oxford Center,7th Floor,JP,937-0814
Garrek,McKern,yK2?@3mAeLqQ\s,gmckernlo@msu.edu,593 Glendale Drive,,IR,
Hyacinthia,Shedd,yF6~YrU.l\~(*SlA,hsheddlp@nytimes.com,3 North Circle,PO Box 37125,ID,
Sheila,McQuode,aL3/caw'ZG`wlGMk,smcquodelq@deviantart.com,7167 Blaine Trail,Apt 1738,UA,
Doti,Wiley,kC8//)h3,dwileylr@msu.edu,74 Graceland Center,Apt 1132,CN,
Linette,Chesworth,"tK6_VmWD#ak""2",lchesworthls@1688.com,5 Corscot Lane,,FR,11803 CEDEX 9
Rustie,Brychan,pO6)|>aqZGAAo,rbrychanlt@sitemeter.com,19 Schurz Plaza,Apt 1982,BD,1605
Jules,Volks,rQ8./'B&w?},jvolkslu@plala.or.jp,7 Little Fleur Park,PO Box 64241,RU,187409
Hadrian,Casel,"tO0*_@aaf,VG%A7.",hcasellv@acquirethisname.com,1 South Pass,Apt 1444,HR,10020
Wake,Warren,vL5}}SG/bH,wwarrenlw@springer.com,3834 Grasskamp Alley,Apt 135,UA,
Burk,Aldren,iO6#e6=8hKf<mic,baldrenlx@indiatimes.com,9 Talisman Way,,ID,
Nicky,Claibourn,dX9~8e~40yV2!l,nclaibournly@rakuten.co.jp,24173 Ridgeview Street,Suite 77,SI,4274
Siusan,Smewing,cH1`6)b\D%,ssmewinglz@timesonline.co.uk,338 Vermont Road,,PH,4005
Dorthy,Harkins,eV9+CX+CkG,dharkinsm0@alibaba.com,66102 Lunder Point,,YE,
Dorree,Pulbrook,tR0~e#SB,dpulbrookm1@china.com.cn,9993 Anniversary Avenue,Suite 68,SY,
Reggy,Eagleston,pQ8!zo9>,reaglestonm2@upenn.edu,772 Tony Plaza,PO Box 51742,FR,14008 CEDEX 1
Beauregard,Larter,fA0%9rnq8q!wDdt>,blarterm3@latimes.com,3548 Center Court,PO Box 58229,CN,
Dianemarie,Gollard,pW4=XLpES,dgollardm4@lulu.com,73 Sherman Avenue,Room 862,PL,99-434
Bil,Langdale,iJ6_wD5zH7w'3s,blangdalem5@hatena.ne.jp,809 Manufacturers Lane,,DK,1666
Caz,McGrory,jW7$eUe(,cmcgrorym6@statcounter.com,4 Dexter Circle,,CN,
Aggi,Gerrie,hM8~5B3ny(k/,agerriem7@flavors.me,8 Forster Center,Apt 1916,PE,
Mufinella,Kurton,jJ5_rzpWEaKUsrO,mkurtonm8@apache.org,4 Dayton Avenue,PO Box 14336,YE,
Vern,Boyes,tI8|sXh`QwSF,vboyesm9@auda.org.au,3243 Ramsey Junction,12th Floor,RS,
Kermy,Pechold,pY9%i=hWW7qM}>p,kpecholdma@prweb.com,6510 Blackbird Park,,CN,
Ansel,Speedy,kK3<s2E@HA,aspeedymb@dedecms.com,60 8th Trail,,JP,680-0301
Townie,Roseblade,iO9}d23O62>3j,troseblademc@yelp.com,85024 Vernon Parkway,,CI,
Kania,Valens-Smith,uW5@Gwkv=E(YD,kvalenssmithmd@scribd.com,6 Amoth Plaza,18th Floor,PL,89-511
Kristy,Beebe,mO0!ix?jy7Ov),kbeebeme@istockphoto.com,5593 Johnson Pass,Room 1776,AR,
Lalo,Gottschalk,qK5>4#LP`VyHI?/,lgottschalkmf@archive.org,0008 4th Alley,,ID,
Tynan,Knibb,dU1~bl|LA+P4,tknibbmg@ucla.edu,87 Cardinal Avenue,Apt 1631,ID,
Danna,McDowall,hQ6(eSz/56W,dmcdowallmh@phoca.cz,459 Prairieview Way,9th Floor,CN,
Jordain,Howatt,eB2%SOoH2,jhowattmi@dell.com,98 Mallory Center,PO Box 8878,CR,60112
Annis,Roath,fI0)>?CrYB,aroathmj@wisc.edu,45782 Westend Terrace,Apt 1515,SE,
Norton,Cridlan,wY3(>VY'iwTc8dP1,ncridlanmk@cbslocal.com,43191 Stang Road,Room 1906,CN,
Annmaria,Tinline,lO9/?T_Y`{=)X7W,atinlineml@multiply.com,18114 Pleasure Street,Apt 777,ZA,4731
Martie,Dahlgren,jF3)_@)~OmS~QQ,mdahlgrenmm@census.gov,36 Boyd Terrace,PO Box 11107,CN,
Sada,Duffin,aB7`XnwAVa*2E,sduffinmn@etsy.com,03022 Loomis Junction,Suite 39,UA,
Idalia,Brimmell,lU1)SI_V,ibrimmellmo@salon.com,2 Ridgeway Junction,Suite 37,CN,
Hector,Leggett,"sQ8,I_QmcD/!$j",hleggettmp@adobe.com,4538 Rutledge Trail,Apt 486,PH,
Rube,Capelow,cH7#V>?8lh1wg,rcapelowmq@hao123.com,567 Southridge Alley,Apt 524,CN,
Delcina,Mosten,cF6'/V%VF,dmostenmr@unicef.org,735 Trailsway Street,10th Floor,PE,
Seumas,Mil,bV1@YNPbiup~waq,smilms@php.net,73830 Milwaukee Lane,Suite 83,US,32575
Gard,O'Kinneally,yZ7{Y%Vc_o\N,gokinneallymt@sphinn.com,931 Lillian Road,,CH,3604
Adella,McGeffen,kL6&_bw}!Wz,amcgeffenmu@ifeng.com,81 Reindahl Junction,Room 1948,PL,11-041
Lora,Frantsev,mD9\Zb2_h(o+,lfrantsevmv@360.cn,60 Grasskamp Hill,1st Floor,PH,4611
Dav,Mosson,rC8~d58+kxT(bhK,dmossonmw@taobao.com,5502 Lake View Court,,CN,
Ariel,Ilieve,bQ7(}6iZ,ailievemx@google.fr,144 West Plaza,Apt 729,BF,
Bride,Bowyer,iO4#w~`UN0J,bbowyermy@accuweather.com,2 Huxley Junction,Room 696,ID,
Mohammed,Brotherick,hS9}.dys,mbrotherickmz@usda.gov,901 Mitchell Drive,,CN,
Estele,Ziemke,eH5|i|g30W0/REu,eziemken0@jiathis.com,363 Meadow Vale Parkway,Suite 70,CN,
Cheston,Barcroft,hT2$V6Ql~C3&1,cbarcroftn1@indiegogo.com,446 Oak Drive,,NG,
Ambrosio,Lardez,"tO0$FR~kXv#""b0MP",alardezn2@theatlantic.com,339 Moose Place,,PL,32-087
Gusta,Gorstidge,"iV2""/Espm&*cUFSS",ggorstidgen3@nytimes.com,33289 Gulseth Court,PO Box 13713,PH,2514
Tyler,Reichhardt,iY2.qv`3{)QgY,treichhardtn4@prweb.com,7 Tomscot Road,Apt 469,CN,
Angie,Cuckson,iF2=rC+Q{7uN=W{H,acucksonn5@virginia.edu,8 Upham Park,Suite 83,PT,5210-264
Byrle,Blodget,nN6&'35d!Bgj,bblodgetn6@ifeng.com,8595 Ilene Road,Suite 74,CN,
Adore,Mullin,jZ4'#C}o,amullinn7@example.com,95 Northview Park,Suite 32,PH,9405
Elihu,Dumphy,zH1\uK5W#j8},edumphyn8@slideshare.net,425 Chinook Place,Suite 87,JP,959-2073
Talbert,Ricciardo,dC3(Gg(o3,tricciardon9@ebay.com,079 Autumn Leaf Alley,Suite 97,XK,
Sylvia,Wones,"gA6.wXfmw>U<cW=""",swonesna@odnoklassniki.ru,88 Loomis Street,Room 499,CN,
Othello,Keiling,tK9@QKT_FV*,okeilingnb@bloglovin.com,3 Independence Drive,PO Box 5477,SE,806 43
Emilie,Tosspell,zO3$029m,etosspellnc@newyorker.com,08 Scoville Point,,FR,33515 CEDEX
Nixie,Lethebridge,"zR0(,LFxV""ZkG8b",nlethebridgend@state.tx.us,04444 Kingsford Place,,DO,10508
Jaclin,Hurry,qM0\|U~/c$K1G0WW,jhurryne@fotki.com,83026 Meadow Vale Way,16th Floor,US,10160
See,Harder,xT4}O537xX\l@M>,shardernf@wordpress.org,04616 Melody Point,Room 1555,BR,95180-000
Hammad,Chitter,uU9\5#?_b0>5M,hchitterng@ted.com,16868 Garrison Court,Apt 616,PS,
Aldo,Fenck,pO3?d84fcY(&7,afencknh@pcworld.com,54648 Duke Junction,Apt 852,KZ,
Sholom,Benedtti,zH4!JaV5?CK9DK,sbenedttini@foxnews.com,3 Fulton Way,Suite 99,VN,
Savina,Joselevitz,pP6\gN1FITDV\,sjoselevitznj@yahoo.com,420 Monica Point,9th Floor,CN,
Harriette,Branthwaite,kH6$P{(G%8/,hbranthwaitenk@cnbc.com,31207 Hovde Avenue,9th Floor,ID,
Danielle,Fernanando,jE0}x0Q/9=,dfernanandonl@hao123.com,83 Forest Dale Road,Room 240,GR,
Emmey,Daud,yB5$o49KLx=er2yW,edaudnm@intel.com,48 Ilene Parkway,Room 72,CN,
Harley,Johnikin,"qM5$,o9oL,?J",hjohnikinnn@paypal.com,97536 Lindbergh Court,Suite 66,CA,A2V
Jewelle,Kleinlerer,yE4|H04(>,jkleinlererno@mapquest.com,6 Kennedy Trail,PO Box 9740,PH,7036
Edward,Shankland,"yN4""z04RpS/",eshanklandnp@constantcontact.com,50 Miller Plaza,PO Box 21577,ID,
Jojo,Straneo,gF0?/eF~S.z!IA*g,jstraneonq@ovh.net,23 Ronald Regan Road,PO Box 5477,EG,
Andrea,Phippen,xA1/O!u0`#s,aphippennr@goo.gl,325 Mesta Hill,,AZ,
Kirk,Berrycloth,bL8&eb_b,kberryclothns@vistaprint.com,26 Sage Way,12th Floor,CD,
Velma,Escala,bX3?N@Hq,vescalant@senate.gov,1 Shelley Street,,MN,
Chickie,Wardell,"yZ2,eIv*7S",cwardellnu@deviantart.com,5839 Meadow Valley Circle,6th Floor,PK,47361
Saw,Duham,"hW8#X/ejt{c,",sduhamnv@soundcloud.com,89440 Mesta Trail,Apt 179,ID,
Codee,Rolph,xA0#KU?NpYO,crolphnw@amazon.de,43598 Hoffman Place,Room 236,ID,
Patrice,Fenner,cN8@<u`+YgG,pfennernx@moonfruit.com,12678 2nd Trail,5th Floor,PT,4850-194
Graig,Hudel,fI9%~&aHhb,ghudelny@mlb.com,497 Vera Lane,,PE,
L;urette,Auten,"kL9,8>BfF>",lautennz@hexun.com,372 Burning Wood Trail,Suite 27,ID,
Albertina,Coggon,oK6>Lx(w\fxIx)?,acoggono0@seattletimes.com,2654 Fairview Trail,,CN,
Wini,Askie,rY4!UXOepS<`%{,waskieo1@prweb.com,88 Dawn Court,Apt 53,CN,
Edeline,Kielty,yZ7/j+w&,ekieltyo2@csmonitor.com,8642 High Crossing Terrace,Room 765,MT,ZBG
Dominga,Crothers,zO3!E&Kxj<t,dcrotherso3@arstechnica.com,107 Moland Junction,PO Box 8613,PT,4750-402
Gabi,Bowditch,dW7?@N#*C,gbowditcho4@pcworld.com,0200 Chive Junction,,PT,4605-169
Keelby,Zupa,mK1~&Q>fP,kzupao5@digg.com,9143 Doe Crossing Pass,,TH,11130
Pail,Toombs,"uT9_mSMJGrN,a",ptoombso6@adobe.com,6824 Fieldstone Court,Room 246,KM,
Gates,Ferreo,qL2.18ulIYE,gferreoo7@hatena.ne.jp,2 Jana Trail,PO Box 58710,CN,
Cristal,Treharne,dB9\~os''9Ay~YQK,ctreharneo8@i2i.jp,8870 Schiller Way,Suite 68,US,84605
Meridel,Sellors,"cO9$<r$'3,dor",msellorso9@theatlantic.com,74 Lakewood Gardens Avenue,Room 622,PH,6052
Crissy,Cafferty,gZ8)1KzR3gOdP`(r,ccaffertyoa@prweb.com,5 Oak Pass,Room 1657,ID,
Timmi,O'Caine,"aD6?+,0tL",tocaineob@indiegogo.com,4934 Southridge Court,,ID,
Kristos,Ashbolt,sC2}j<`$3r,kashboltoc@studiopress.com,836 Gerald Plaza,20th Floor,PL,95-050
Tracee,Gibben,fL2=QGSg,tgibbenod@microsoft.com,67896 Mosinee Junction,Room 1232,RU,188665
Minnaminnie,Keyson,oY1<Y47m#yo,mkeysonoe@bing.com,298 Knutson Terrace,,ID,
Miner,Peatman,wV6=IGP(R4EpHV<,mpeatmanof@washingtonpost.com,771 David Junction,Room 1342,SE,458 31
Innis,Cogswell,nX0{jbu_K*/,icogswellog@mozilla.com,80 Donald Alley,Apt 282,CA,G8B
Rodger,Hencke,rC2$od1>BPy{Bh,rhenckeoh@paypal.com,8462 Forest Run Terrace,Room 1496,FI,77700
Abey,Grigorescu,lE7&xwt(L&iU}bIt,agrigorescuoi@google.fr,84028 Union Plaza,,PH,7000
Arabela,Tremble,hH6*5$(h8H(Kdw<,atrembleoj@go.com,1 Rigney Park,Room 51,PH,9222
Esdras,Pablo,lQ6(ep0jqd,epablook@shinystat.com,11003 Bashford Way,Suite 57,ID,
Dominique,Elijah,mS4+xMv~AiEU,delijahol@studiopress.com,7572 Donald Trail,Apt 1360,PH,4805
Andree,Warn,"oR6,E%.3a>>3X!Z",awarnom@joomla.org,8761 Waxwing Center,Apt 994,BR,15170-000
Lee,Blancowe,bH0%R<qnEZyN`R~m,lblancoweon@ezinearticles.com,6412 Duke Crossing,,PT,4750-402
Fabian,Batterbee,zH7><ME_|I,fbatterbeeoo@ehow.com,51 Dixon Terrace,,GR,
Seka,Jubb,"rP6&""/Lg|O",sjubbop@rediff.com,45 Lunder Circle,Suite 41,ID,
Floyd,Verrell,"nC6?Ls,cN5",fverrelloq@ow.ly,18853 Buell Terrace,,AR,3522
Ferd,Bartel,"wC4,!9H}",fbartelor@purevolume.com,2 Quincy Drive,Apt 1989,CN,
Ninon,O' Mullane,aP6>d_T_ZkD1I(,nomullaneos@tripod.com,4499 Leroy Trail,15th Floor,PT,4805-223
Kris,Plail,iA7&f0_9lQ%fJ!,kplailot@homestead.com,5551 Forest Dale Plaza,,CN,
Cordie,Lovatt,kS6\5E*(Zm@D,clovattou@accuweather.com,82664 Ryan Avenue,,ES,32005
Cori,Chmarny,qR7&cN=?TGUy,cchmarnyov@nationalgeographic.com,7 Rockefeller Crossing,Room 159,AR,6271
Hurlee,Hurford,zW9<#sbSF8,hhurfordow@paginegialle.it,212 Sugar Point,Suite 20,PL,91-864
Giulio,Powers,nI1{arKS~pL,gpowersox@vinaora.com,3 Nelson Place,Suite 54,RU,309090
Kay,Spoward,fY0}cZg@,kspowardoy@wsj.com,236 Bunker Hill Hill,Suite 89,RU,171270
Rosalyn,Nowick,vH9>TcQA,rnowickoz@newyorker.com,6 Mockingbird Road,Suite 87,ES,
Josselyn,Klampk,"zL6,jbn}",jklampkp0@nba.com,21 Saint Paul Plaza,,NG,
Minnie,Yellowlees,"jF3`iZ2WE""<c*S&",myellowleesp1@pagesperso-orange.fr,2044 Quincy Court,,RU,140074
Rochelle,Condliffe,jX1|{1_z+ayc5,rcondliffep2@phpbb.com,22788 Golden Leaf Terrace,Suite 27,ID,
Kurtis,Bullcock,xF5\0Ojz,kbullcockp3@jiathis.com,8393 Union Terrace,,MX,46175
Madeleine,Keling,fU2!VT`v3a`{\RRp,mkelingp4@phoca.cz,51 Shelley Point,8th Floor,GE,
Carolus,Rennolds,bV6&CV)}IFBg,crennoldsp5@i2i.jp,29649 Eastlawn Trail,Room 1237,JP,
Ginger,Stuckley,dU9}x<>i'fRqY,gstuckleyp6@canalblog.com,69103 Stuart Hill,17th Floor,RU,601120
Alie,Wadwell,rL3&\+TgPhW=%K,awadwellp7@shop-pro.jp,24342 Lerdahl Point,Apt 1430,US,02208
Donetta,Formigli,sV4>Mby.o65=36,dformiglip8@discovery.com,19 Vahlen Center,Room 714,UG,
Aubrette,Brentnall,vX2=4AJQW@J>s0i,abrentnallp9@cafepress.com,33 Birchwood Junction,,CN,
Fielding,Digg,hG8#/w+L~~6E)>+,fdiggpa@behance.net,5076 Dawn Road,,CN,
Corbett,Belfelt,lV3_@UM=,cbelfeltpb@photobucket.com,83 Buhler Junction,Apt 1921,YE,
Bryon,Jilkes,jX5>IBfY,bjilkespc@shutterfly.com,5239 Melby Circle,PO Box 40536,CN,
Saundra,Ismirnioglou,gJ8_Q!(A|D<**Jee,sismirniogloupd@google.com.hk,63344 Anderson Circle,,TN,
Dion,Karpe,yM7(MpRdGJ,dkarpepe@geocities.jp,3 Blue Bill Park Plaza,PO Box 54910,CN,
Kaile,Donke,oH5!VCW{HK{etFm,kdonkepf@nymag.com,4633 Lawn Point,,CN,
Sharlene,Besse,rV2_f0.Kcs/27E2,sbessepg@yale.edu,890 Moose Way,Suite 77,CN,
Viv,Kent,pP8%n0`er3{gI,vkentph@flickr.com,35 Heath Pass,Suite 45,PH,3404
Bary,Huguenet,"zS7)},b*obl*",bhuguenetpi@cbsnews.com,088 Stang Park,,CN,
Dael,Gallanders,cT0+|0BMH,dgallanderspj@boston.com,048 Gateway Alley,,ID,
Tiffani,Wooster,"qO3%R=_,$U3",twoosterpk@theguardian.com,8883 Magdeline Road,Apt 1724,CN,
Ignatius,Ropars,mT1`qDh{LVU1Viq,iroparspl@ucoz.ru,7 Bunker Hill Drive,8th Floor,NI,
Yoshi,Swatten,eD0<{w?'cF,yswattenpm@cbsnews.com,31 Forest Run Parkway,,AZ,
Adolpho,Surgener,"kV3<rckxa}E6m""2",asurgenerpn@bloglovin.com,712 Columbus Drive,Suite 87,RU,152130
Penny,Boddington,mJ9)B+`',pboddingtonpo@wunderground.com,3984 Larry Pass,Apt 1482,ET,
Claybourne,Attac,vB8#e+sBO,cattacpp@theatlantic.com,947 Calypso Road,,PT,2665-189
Kakalina,De La Haye,iB2\66$.,kdelahayepq@redcross.org,5856 Straubel Hill,15th Floor,GR,
Monika,Donet,bU8|BCVsEz,mdonetpr@uiuc.edu,1 Blackbird Trail,,KR,
Tobin,Mapledoram,dT4<%Bi?`,tmapledoramps@wikipedia.org,15829 Karstens Terrace,,ID,
Veronike,Nolton,nK9>Kb8ci8ZO=,vnoltonpt@blogs.com,611 Clemons Street,10th Floor,FI,03620
Lexi,Bennoe,"sK1%cH,,6""",lbennoepu@goo.gl,48467 Montana Alley,Room 1101,KZ,
Arvy,Aglione,cO6>q8}EU=|Eu,aaglionepv@freewebs.com,4 Crownhardt Road,Suite 57,CN,
Wallie,Thiolier,iP0(t|/%P,wthiolierpw@mac.com,850 Northview Court,Room 872,VN,
Lorrayne,Stelljes,xA3|}S>=aC(qX,lstelljespx@xing.com,23 Pawling Street,PO Box 18978,MA,
Malory,Reisin,xW3}gP>|Yi&h,mreisinpy@behance.net,89 Westend Way,Room 1211,FR,62247 CEDEX
Fin,Potticary,xD7|3_9>,fpotticarypz@virginia.edu,86730 Blackbird Alley,,CN,
Rainer,Gerb,"aG2$4l|&6`\kE4""`",rgerbq0@oakley.com,48190 Mosinee Center,Apt 1478,RU,391237
Phillie,Quinnell,"kD9>y_O'R#,h(#d",pquinnellq1@cloudflare.com,2 Loeprich Drive,Apt 186,CN,
Tracey,Tonnesen,qJ6>)_6>=kC,ttonnesenq2@exblog.jp,130 Green Ridge Hill,Apt 1756,CN,
Alie,Singh,lS2))|'Hzk?hp?.j,asinghq3@stanford.edu,83341 Hagan Pass,Apt 799,CN,
Keith,Spikings,aK2.!WPVb,kspikingsq4@goo.gl,074 Bluejay Lane,,SE,531 17
Charissa,Garrood,cS5<BsLQz{c2,cgarroodq5@sun.com,5006 Northport Lane,,PH,3306
Hendrick,Mechem,hX5?eK/oFr,hmechemq6@storify.com,38 Mesta Avenue,Apt 750,KZ,
Celine,Bleaden,"jC4{+8,s=60",cbleadenq7@alibaba.com,73775 Graceland Road,PO Box 64069,PH,9416
Courtenay,Matteotti,nT0~y_t!Y&NZI,cmatteottiq8@google.com.hk,2838 Leroy Junction,Suite 11,GF,97329 CEDEX
Redford,Wilks,mL3#xPxAVo%9,rwilksq9@patch.com,36531 Di Loreto Terrace,Apt 972,CO,411067
Haslett,Britian,"jP8<qnsFa0A""$SxX",hbritianqa@yale.edu,44335 Darwin Park,6th Floor,ID,
Angela,Hyne,qC7=g8rifG,ahyneqb@about.com,18146 Stone Corner Junction,PO Box 65431,ID,
Shir,Kurtis,wA3&`Q$cJD??v)qI,skurtisqc@slate.com,35000 Porter Court,,TG,
Sarine,Gooble,hA3<N'0f*qVbi,sgoobleqd@answers.com,399 Scoville Place,,RU,188420
Victoria,Durand,nG5?\TWY@05di,vdurandqe@angelfire.com,58271 Roxbury Road,Apt 1414,FR,78504 CEDEX
Blakelee,Canter,aZ9>&ZCaI,bcanterqf@go.com,5 Lyons Pass,Apt 947,FR,25215 CEDEX
Ransom,Brunini,"aV8'o~e|+sx1C""kb",rbruniniqg@deviantart.com,600 Meadow Vale Trail,PO Box 7567,BR,
Redford,Ryland,"xN3""j=1L!EbSjk",rrylandqh@deviantart.com,9 3rd Point,Suite 98,ID,
Ravid,Vannuccini,xE7!IP*M=U,rvannucciniqi@istockphoto.com,76 Walton Crossing,PO Box 78178,MD,MD-5134
Norton,Shann,vE5&V!M}i,nshannqj@wikia.com,867 Cody Alley,Suite 43,BR,16200-000
Elianore,Moyne,rJ7#8WmSuRRy{9,emoyneqk@census.gov,77314 Killdeer Parkway,,LU,L-9776
Delmar,McKennan,hK3>mRpv<\Jgu>ZF,dmckennanql@twitpic.com,8 Sycamore Parkway,PO Box 39089,CN,
Maris,Andrault,sV1?sETaxhmOtw`S,mandraultqm@ibm.com,0276 Sherman Drive,PO Box 97787,CO,151427
Arlie,Petel,"pM1!Y%>uRkc,Z",apetelqn@amazonaws.com,6820 Sachs Circle,PO Box 13989,HN,
Domenico,Kenna,eN8&)#%szyMau,dkennaqo@businessinsider.com,9930 Lukken Court,Apt 1277,RU,164020
Gwenneth,Battista,xZ1/7Sf#fR.$?xU2,gbattistaqp@freewebs.com,25 Crest Line Street,Apt 1777,NP,
Melisande,Durie,oT6=CJEbb?QzKv,mdurieqq@who.int,0 Almo Parkway,,PT,2815-625
Afton,Nickerson,kR6!(ey6FnC@k,anickersonqr@tinyurl.com,8 Straubel Road,,RU,601240
Carin,McGairl,hR5)dHJo6BD,cmcgairlqs@1und1.de,3 American Ash Plaza,,SE,725 96
Linn,Debill,"mA2_6na(7cx4hk%""",ldebillqt@blogspot.com,55007 New Castle Crossing,Apt 1201,CN,
Martie,Gowanlock,"tS4=C'8oMy""M&2",mgowanlockqu@sciencedaily.com,01156 Granby Park,Apt 995,TN,
Addie,Southan,eT3#xfwJ5hsLH),asouthanqv@furl.net,27985 Starling Road,PO Box 99872,BR,93180-000
Jecho,Janning,"wK4,&S't",jjanningqw@jalbum.net,0 Rockefeller Trail,20th Floor,PH,7024
Israel,Beirne,dZ7@KC>V1WEZ,ibeirneqx@msn.com,28059 Anderson Court,PO Box 11723,BR,
Christan,Furmedge,bQ2`WXp2T9iqFaCu,cfurmedgeqy@linkedin.com,9 Merrick Circle,,UA,
Aldon,Cunradi,nJ5/*_fJc2YlfEM,acunradiqz@mail.ru,4 Little Fleur Circle,10th Floor,ID,
Shayne,Kose,zS8)E({O,skoser0@google.com.au,8710 Pankratz Junction,Suite 66,CN,
Derek,Ebben,nH9/`.D_Gwl_vp!,debbenr1@uol.com.br,8 Chive Road,,VE,
Yance,Condit,nD1|\ajH'\,yconditr2@theguardian.com,37460 Swallow Way,,PT,8000-076
Darrelle,Nuscha,"jT4.y""KQf7",dnuschar3@salon.com,6348 Melrose Road,Apt 715,SE,
Nikola,Pickless,gG6\CG'yx`L,npicklessr4@lulu.com,2034 Clarendon Hill,11th Floor,FR,57609 CEDEX
Sandie,Tume,wT2='H3uVYyXN<#h,stumer5@ibm.com,4586 Browning Lane,16th Floor,GH,
Blondell,Kaindl,"tX4'9!ooG,",bkaindlr6@phoca.cz,81561 Troy Avenue,Apt 706,JO,
Tomas,Dybbe,"yU2)ZR<I""E4$11",tdybber7@cisco.com,8895 Scoville Crossing,,ID,
Terry,Twiddell,aF2={G7>M(z,ttwiddellr8@ft.com,6 Harper Trail,,EG,
Claudian,Markham,zO6!G251Q=,cmarkhamr9@loc.gov,043 Stuart Circle,15th Floor,GP,97102 CEDEX
Wait,Loveday,jL1{dEJJ,wlovedayra@spotify.com,3654 Heffernan Way,Suite 39,MX,71142
Sande,Scoggans,"eV8/V""E##v",sscoggansrb@nature.com,2 Delaware Alley,Room 1831,ID,
Vivien,Brabben,hR2*~hdMj<,vbrabbenrc@hc360.com,681 Porter Park,12th Floor,GB,WF9
Fleur,Dinse,pC3_`nBBk1we2,fdinserd@ovh.net,93 Graedel Junction,,MN,
Alistair,Ullock,iU3*\xEIvy)k8q9b,aullockre@macromedia.com,48156 Mesta Place,PO Box 80217,CL,
Bonni,Bolton,"dC9<*r""X2b",bboltonrf@hc360.com,83077 Dakota Park,,MU,
Elissa,Bernollet,bB2!_~jyH~U|c\F,ebernolletrg@accuweather.com,48971 High Crossing Avenue,Room 666,BR,65485-000
Arlana,Bromage,kR9<}|K1'=tot,abromagerh@cmu.edu,28625 Farwell Road,Suite 37,CN,
Camey,Cavilla,sU4)g5+JA,ccavillari@epa.gov,90 Anzinger Park,Suite 97,RU,456382
Selle,Rootes,oN2'oFaK,srootesrj@so-net.ne.jp,986 Raven Hill,11th Floor,US,92165
Ivory,Trowsdale,mS1|7T}g(wvNr2Tz,itrowsdalerk@trellian.com,77664 Corscot Center,Suite 81,CZ,783 97
Balduin,Maharey,dW2%s=QKy(gO%6,bmahareyrl@pcworld.com,04 7th Alley,,NI,
Lula,Levane,"xJ4`,+0O",llevanerm@businessweek.com,39 Elmside Drive,Room 85,SE,566 24
Homerus,Vreede,aC5.U?UQ``,hvreedern@msu.edu,6329 Goodland Terrace,PO Box 4872,AR,3450
Erna,Cathersides,sA7?XpsI7+,ecathersidesro@sitemeter.com,946 Warbler Point,PO Box 36731,PL,57-256
Marcille,Wing,"qP2""5$LFel(\,""!8",mwingrp@nba.com,84079 Barby Junction,15th Floor,CN,
Aigneis,Botham,wT6{I2MBdi<*1i2',abothamrq@netscape.com,22 Corben Lane,PO Box 47788,CN,
Waylan,Ruddlesden,yS9|k.3a#,wruddlesdenrr@etsy.com,835 Clemons Pass,Suite 21,ID,
